customerID,error_type,actual_churn_flag,predicted_churn_flag,churn_probability,distance_from_threshold,risk_segment,priority_level,Contract,tenure,TenureGroup,PaymentMethod,InternetService,TechSupport,OnlineSecurity,SupportServiceCount,MonthlyCharges,primary_reason,secondary_reason
6946-LMSQS,False Negative,1,0,0.29751514393599215,0.0025,Medium Risk,Priority 3,One year,25,25-48 Months,Electronic check,Fiber optic,No,Yes,1,89.05,Electronic-check payment,Fiber-optic internet service
2995-UPRYS,False Negative,1,0,0.2873719148299695,0.0126,Medium Risk,Priority 3,One year,40,25-48 Months,Credit card (automatic),Fiber optic,Yes,No,2,99.2,Fiber-optic internet service,No online-security subscription
7410-KTVFV,False Negative,1,0,0.2847730268668222,0.0152,Medium Risk,Priority 3,Month-to-month,18,13-24 Months,Mailed check,DSL,No,No,1,49.55,Month-to-month contract,No online-security subscription
3325-FUYCG,False Negative,1,0,0.27141461602887546,0.0286,Medium Risk,Priority 3,One year,28,25-48 Months,Electronic check,Fiber optic,No,Yes,2,106.1,Electronic-check payment,Fiber-optic internet service
3313-QKNKB,False Negative,1,0,0.2698068980615437,0.0302,Medium Risk,Priority 3,One year,59,49-72 Months,Electronic check,Fiber optic,No,No,0,85.55,Electronic-check payment,Fiber-optic internet service
3982-XWFZQ,False Negative,1,0,0.2697181578549026,0.0303,Medium Risk,Priority 3,Month-to-month,42,25-48 Months,Electronic check,DSL,No,No,0,50.25,Electronic-check payment,Month-to-month contract
9986-BONCE,False Negative,1,0,0.2665005793437933,0.0335,Medium Risk,Priority 3,Month-to-month,4,0-12 Months,Bank transfer (automatic),No,No internet service,No internet service,0,20.95,Tenure of 12 months or less,Month-to-month contract
2748-MYRVK,False Negative,1,0,0.2632311206857229,0.0368,Medium Risk,Priority 3,One year,63,49-72 Months,Bank transfer (automatic),Fiber optic,No,No,1,99.9,Fiber-optic internet service,No online-security subscription
2165-VOEGB,False Negative,1,0,0.2578275348636809,0.0422,Medium Risk,Priority 3,One year,46,25-48 Months,Bank transfer (automatic),Fiber optic,Yes,Yes,3,105.2,Fiber-optic internet service,No additional validated indicator
4785-QRJHC,False Negative,1,0,0.2544569520820877,0.0455,Medium Risk,Priority 3,One year,46,25-48 Months,Bank transfer (automatic),DSL,Yes,No,3,59.9,No online-security subscription,No additional validated indicator
2839-RFSQE,False Negative,1,0,0.25401381338391343,0.046,Medium Risk,Priority 3,Month-to-month,2,0-12 Months,Mailed check,No,No internet service,No internet service,0,20.65,Tenure of 12 months or less,Month-to-month contract
0447-BEMNG,False Negative,1,0,0.25316926036678994,0.0468,Medium Risk,Priority 3,Month-to-month,48,25-48 Months,Bank transfer (automatic),DSL,No,Yes,2,45.3,Month-to-month contract,No technical-support subscription
5469-CTCWN,False Negative,1,0,0.25089958798509504,0.0491,Medium Risk,Priority 3,One year,61,49-72 Months,Electronic check,Fiber optic,No,Yes,2,106.0,Electronic-check payment,Fiber-optic internet service
1087-UDSIH,False Negative,1,0,0.2462983825895372,0.0537,Medium Risk,Priority 3,Month-to-month,3,0-12 Months,Mailed check,No,No internet service,No internet service,0,19.6,Tenure of 12 months or less,Month-to-month contract
6776-TLWOI,False Negative,1,0,0.24518500544329,0.0548,Medium Risk,Priority 3,Month-to-month,3,0-12 Months,Mailed check,No,No internet service,No internet service,0,19.85,Tenure of 12 months or less,Month-to-month contract
9033-EOXWV,False Negative,1,0,0.2345966619967649,0.0654,Medium Risk,Priority 3,One year,12,0-12 Months,Mailed check,DSL,Yes,No,1,74.05,Tenure of 12 months or less,No online-security subscription
5445-PZWGX,False Negative,1,0,0.23380908461556676,0.0662,Medium Risk,Priority 3,One year,62,49-72 Months,Electronic check,Fiber optic,Yes,Yes,3,102.0,Electronic-check payment,Fiber-optic internet service
3523-QRQLL,False Negative,1,0,0.22421211913204828,0.0758,Medium Risk,Priority 3,One year,22,13-24 Months,Bank transfer (automatic),DSL,No,No,1,69.5,No online-security subscription,No technical-support subscription
1218-VKFPE,False Negative,1,0,0.21869275088077567,0.0813,Medium Risk,Priority 3,Month-to-month,12,0-12 Months,Mailed check,No,No internet service,No internet service,0,19.0,Tenure of 12 months or less,Month-to-month contract
7854-EKTJL,False Negative,1,0,0.21296508757346358,0.087,Medium Risk,Priority 3,Month-to-month,2,0-12 Months,Electronic check,No,No internet service,No internet service,0,19.6,Tenure of 12 months or less,Electronic-check payment
4489-SNOJF,False Negative,1,0,0.20778689696304328,0.0922,Medium Risk,Priority 3,Month-to-month,35,25-48 Months,Electronic check,DSL,Yes,Yes,3,72.25,Electronic-check payment,Month-to-month contract
7666-WKRON,False Negative,1,0,0.20198611598773028,0.098,Medium Risk,Priority 3,Two year,39,25-48 Months,Electronic check,Fiber optic,Yes,No,2,80.45,Electronic-check payment,Fiber-optic internet service
2659-VXMWZ,False Negative,1,0,0.20107881051059445,0.0989,Medium Risk,Priority 3,One year,67,49-72 Months,Electronic check,Fiber optic,No,Yes,3,111.3,Electronic-check payment,Fiber-optic internet service
1150-WFARN,False Negative,1,0,0.19777749202596562,0.1022,Medium Risk,Priority 3,Two year,67,49-72 Months,Credit card (automatic),Fiber optic,Yes,Yes,3,108.75,Fiber-optic internet service,No additional validated indicator
4946-EDSEW,False Negative,1,0,0.1779300919718792,0.1221,Medium Risk,Priority 3,Month-to-month,11,0-12 Months,Mailed check,No,No internet service,No internet service,0,19.25,Tenure of 12 months or less,Month-to-month contract
2091-MJTFX,False Negative,1,0,0.1771717848489331,0.1228,Medium Risk,Priority 3,Month-to-month,30,25-48 Months,Credit card (automatic),DSL,Yes,No,1,51.2,Month-to-month contract,No online-security subscription
9565-JSNFM,False Negative,1,0,0.16597283407997568,0.134,Medium Risk,Priority 3,One year,38,25-48 Months,Bank transfer (automatic),Fiber optic,No,No,0,70.45,Fiber-optic internet service,No online-security subscription
9039-RBEEE,False Negative,1,0,0.16521299947454685,0.1348,Medium Risk,Priority 3,Month-to-month,39,25-48 Months,Credit card (automatic),DSL,Yes,Yes,3,48.95,Month-to-month contract,No additional validated indicator
4701-AHWMW,False Negative,1,0,0.16439136958408457,0.1356,Medium Risk,Priority 3,Month-to-month,55,49-72 Months,Bank transfer (automatic),DSL,Yes,No,2,54.55,Month-to-month contract,No online-security subscription
4701-MLJPN,False Negative,1,0,0.1641559416958565,0.1358,Medium Risk,Priority 3,Month-to-month,31,25-48 Months,Electronic check,DSL,Yes,No,2,55.25,Electronic-check payment,Month-to-month contract
6682-QJDGB,False Negative,1,0,0.15653756051899004,0.1435,Medium Risk,Priority 3,Month-to-month,40,25-48 Months,Mailed check,DSL,No,Yes,2,55.25,Month-to-month contract,No technical-support subscription
9025-ZRPVR,False Negative,1,0,0.15527586562625514,0.1447,Medium Risk,Priority 3,Month-to-month,9,0-12 Months,Mailed check,No,No internet service,No internet service,0,18.95,Tenure of 12 months or less,Month-to-month contract
3594-UVONA,False Negative,1,0,0.1522605375693238,0.1477,Medium Risk,Priority 3,One year,35,25-48 Months,Credit card (automatic),DSL,Yes,Yes,3,85.95,Elevated model probability,No additional validated indicator
4541-RMRLG,False Negative,1,0,0.1506203384964403,0.1494,Medium Risk,Priority 3,Month-to-month,7,0-12 Months,Electronic check,No,No internet service,No internet service,0,19.25,Tenure of 12 months or less,Electronic-check payment
9378-FXTIZ,False Negative,1,0,0.12991994216261327,0.1701,Low Risk,Monitor,One year,54,49-72 Months,Credit card (automatic),DSL,No,No,0,70.15,No online-security subscription,No technical-support subscription
9412-ARGBX,False Negative,1,0,0.12446703003078835,0.1755,Low Risk,Monitor,Two year,48,25-48 Months,Mailed check,Fiber optic,Yes,No,3,95.5,Fiber-optic internet service,No online-security subscription
2930-UOTMB,False Negative,1,0,0.12320088057843875,0.1768,Low Risk,Monitor,Month-to-month,31,25-48 Months,Credit card (automatic),DSL,Yes,Yes,3,65.25,Month-to-month contract,No additional validated indicator
2533-QVMSK,False Negative,1,0,0.12203852966898947,0.178,Low Risk,Monitor,Two year,61,49-72 Months,Electronic check,Fiber optic,Yes,No,2,94.1,Electronic-check payment,Fiber-optic internet service
6797-LNAQX,False Negative,1,0,0.10476447413884075,0.1952,Low Risk,Monitor,Two year,70,49-72 Months,Bank transfer (automatic),Fiber optic,No,No,1,98.3,Fiber-optic internet service,No online-security subscription
0628-CNQRM,False Negative,1,0,0.10404277268710535,0.196,Low Risk,Monitor,One year,22,13-24 Months,Bank transfer (automatic),DSL,Yes,Yes,3,67.5,Elevated model probability,No additional validated indicator
8869-TORSS,False Negative,1,0,0.09583690444912538,0.2042,Low Risk,Monitor,One year,48,25-48 Months,Credit card (automatic),DSL,Yes,Yes,3,60.35,Elevated model probability,No additional validated indicator
6598-RFFVI,False Negative,1,0,0.07129647150967375,0.2287,Low Risk,Monitor,One year,2,0-12 Months,Credit card (automatic),No,No internet service,No internet service,0,19.3,Tenure of 12 months or less,Limited support-service adoption
0866-QLSIR,False Negative,1,0,0.06688558846920015,0.2331,Low Risk,Monitor,One year,34,25-48 Months,Mailed check,DSL,Yes,Yes,3,64.4,Elevated model probability,No additional validated indicator
5271-YNWVR,False Negative,1,0,0.05811994120364799,0.2419,Low Risk,Monitor,Two year,68,49-72 Months,Electronic check,Fiber optic,Yes,Yes,4,113.15,Electronic-check payment,Fiber-optic internet service
2325-ZUSFD,False Negative,1,0,0.05210729914626978,0.2479,Low Risk,Monitor,One year,57,49-72 Months,Bank transfer (automatic),DSL,No,Yes,1,70.1,No technical-support subscription,Limited support-service adoption
4464-JCOLN,False Negative,1,0,0.04652027009612198,0.2535,Low Risk,Monitor,One year,2,0-12 Months,Mailed check,No,No internet service,No internet service,0,19.85,Tenure of 12 months or less,Limited support-service adoption
8580-QVLOC,False Negative,1,0,0.027983462063810288,0.272,Low Risk,Monitor,Two year,72,49-72 Months,Credit card (automatic),DSL,Yes,Yes,4,92.45,Elevated model probability,No additional validated indicator
3400-ESFUW,False Negative,1,0,0.014740756015882551,0.2853,Low Risk,Monitor,Two year,55,49-72 Months,Bank transfer (automatic),DSL,Yes,Yes,3,57.55,Elevated model probability,No additional validated indicator
3705-PSNGL,False Negative,1,0,0.01202310648430791,0.288,Low Risk,Monitor,One year,45,25-48 Months,Electronic check,No,No internet service,No internet service,0,20.4,Electronic-check payment,Limited support-service adoption
5186-EJEGL,False Positive,0,1,0.3006108755751625,0.0006,High Risk,Priority 2,Month-to-month,9,0-12 Months,Mailed check,DSL,Yes,Yes,3,69.5,Tenure of 12 months or less,Month-to-month contract
4184-VODJZ,False Positive,0,1,0.3005752496837353,0.0006,High Risk,Priority 2,One year,63,49-72 Months,Electronic check,Fiber optic,No,No,1,91.35,Electronic-check payment,Fiber-optic internet service
3680-CTHUH,False Positive,0,1,0.3006661854943579,0.0007,High Risk,Priority 2,One year,60,49-72 Months,Credit card (automatic),Fiber optic,Yes,Yes,4,116.6,Fiber-optic internet service,No additional validated indicator
0516-OOHAR,False Positive,0,1,0.30118043024775876,0.0012,High Risk,Priority 2,One year,28,25-48 Months,Bank transfer (automatic),Fiber optic,No,No,2,100.35,Fiber-optic internet service,No online-security subscription
2087-QAREY,False Positive,0,1,0.30165559960794275,0.0017,High Risk,Priority 2,Month-to-month,22,13-24 Months,Mailed check,DSL,No,No,2,54.7,Month-to-month contract,No online-security subscription
3756-VNWDH,False Positive,0,1,0.30239958593595884,0.0024,High Risk,Priority 2,One year,65,49-72 Months,Electronic check,Fiber optic,No,Yes,1,100.75,Electronic-check payment,Fiber-optic internet service
4945-RVMTE,False Positive,0,1,0.3050958522082247,0.0051,High Risk,Priority 2,Month-to-month,28,25-48 Months,Bank transfer (automatic),DSL,No,No,1,59.55,Month-to-month contract,No online-security subscription
2446-ZKVAF,False Positive,0,1,0.30617051195295647,0.0062,High Risk,Priority 2,Month-to-month,18,13-24 Months,Credit card (automatic),DSL,No,No,1,56.8,Month-to-month contract,No online-security subscription
7629-WIXZF,False Positive,0,1,0.306313277795418,0.0063,High Risk,Priority 2,One year,7,0-12 Months,Electronic check,DSL,No,Yes,1,59.1,Tenure of 12 months or less,Electronic-check payment
1015-OWJKI,False Positive,0,1,0.3075220459603386,0.0075,High Risk,Priority 2,Month-to-month,1,0-12 Months,Mailed check,No,No internet service,No internet service,0,19.05,Tenure of 12 months or less,Month-to-month contract
4973-RLZVI,False Positive,0,1,0.30833371881525795,0.0083,High Risk,Priority 2,One year,30,25-48 Months,Credit card (automatic),DSL,Yes,Yes,4,74.65,Elevated model probability,No additional validated indicator
7251-XFOIL,False Positive,0,1,0.308514866026272,0.0085,High Risk,Priority 2,Month-to-month,61,49-72 Months,Mailed check,Fiber optic,No,No,1,89.2,Month-to-month contract,Fiber-optic internet service
4016-BJKTZ,False Positive,0,1,0.3084656363569254,0.0085,High Risk,Priority 2,Two year,25,25-48 Months,Electronic check,Fiber optic,Yes,No,3,108.9,Electronic-check payment,Fiber-optic internet service
4402-FTBXC,False Positive,0,1,0.30865783825823745,0.0087,High Risk,Priority 2,Month-to-month,54,49-72 Months,Mailed check,Fiber optic,No,Yes,2,89.8,Month-to-month contract,Fiber-optic internet service
2432-TFSMK,False Positive,0,1,0.3107365598782381,0.0107,High Risk,Priority 2,One year,18,13-24 Months,Credit card (automatic),Fiber optic,No,No,1,89.6,Fiber-optic internet service,No online-security subscription
0178-CIIKR,False Positive,0,1,0.3128690849098985,0.0129,High Risk,Priority 2,Month-to-month,3,0-12 Months,Mailed check,No,No internet service,No internet service,0,19.95,Tenure of 12 months or less,Month-to-month contract
7919-ZODZZ,False Positive,0,1,0.3134951054833297,0.0135,High Risk,Priority 2,One year,10,0-12 Months,Mailed check,DSL,No,No,2,65.9,Tenure of 12 months or less,No online-security subscription
3011-WQKSZ,False Positive,0,1,0.31440472976872924,0.0144,High Risk,Priority 2,Month-to-month,19,13-24 Months,Electronic check,No,No internet service,No internet service,0,20.0,Electronic-check payment,Month-to-month contract
3173-NVMPX,False Positive,0,1,0.31580906136408626,0.0158,High Risk,Priority 2,Month-to-month,9,0-12 Months,Mailed check,DSL,No,No,1,55.3,Tenure of 12 months or less,Month-to-month contract
7395-XWZOY,False Positive,0,1,0.31798743046570765,0.018,High Risk,Priority 2,Month-to-month,20,13-24 Months,Credit card (automatic),DSL,Yes,Yes,4,55.0,Month-to-month contract,No additional validated indicator
2692-PFYTJ,False Positive,0,1,0.31891398702268664,0.0189,High Risk,Priority 2,Month-to-month,1,0-12 Months,Mailed check,No,No internet service,No internet service,0,25.75,Tenure of 12 months or less,Month-to-month contract
8671-KKKOS,False Positive,0,1,0.3194374466538562,0.0194,High Risk,Priority 2,Month-to-month,46,25-48 Months,Electronic check,DSL,No,Yes,2,45.55,Electronic-check payment,Month-to-month contract
6773-LQTVT,False Positive,0,1,0.3214466952302406,0.0214,High Risk,Priority 2,Month-to-month,29,25-48 Months,Mailed check,DSL,No,No,2,35.65,Month-to-month contract,No online-security subscription
6284-KMNUF,False Positive,0,1,0.321512722457104,0.0215,High Risk,Priority 2,One year,56,49-72 Months,Electronic check,Fiber optic,No,Yes,1,98.0,Electronic-check payment,Fiber-optic internet service
9089-UOWJG,False Positive,0,1,0.32314220613565486,0.0231,High Risk,Priority 2,Month-to-month,12,0-12 Months,Credit card (automatic),DSL,No,No,1,58.35,Tenure of 12 months or less,Month-to-month contract
6497-TILVL,False Positive,0,1,0.3273008810863283,0.0273,High Risk,Priority 2,Month-to-month,7,0-12 Months,Mailed check,DSL,No,Yes,1,50.7,Tenure of 12 months or less,Month-to-month contract
1360-XFJMR,False Positive,0,1,0.3279969581773371,0.028,High Risk,Priority 2,One year,67,49-72 Months,Credit card (automatic),Fiber optic,Yes,No,3,109.7,Fiber-optic internet service,No online-security subscription
2252-JHJGE,False Positive,0,1,0.3284842601390453,0.0285,High Risk,Priority 2,One year,61,49-72 Months,Electronic check,Fiber optic,No,Yes,2,104.0,Electronic-check payment,Fiber-optic internet service
6854-EXGSF,False Positive,0,1,0.3292733817559848,0.0293,High Risk,Priority 2,Month-to-month,8,0-12 Months,Bank transfer (automatic),DSL,No,Yes,3,65.5,Tenure of 12 months or less,Month-to-month contract
6968-MHOMU,False Positive,0,1,0.32972485475883784,0.0297,High Risk,Priority 2,One year,58,49-72 Months,Credit card (automatic),DSL,No,No,0,45.0,No online-security subscription,No technical-support subscription
5198-EFNBM,False Positive,0,1,0.3302693819003291,0.0303,High Risk,Priority 2,One year,57,49-72 Months,Electronic check,Fiber optic,No,No,2,90.65,Electronic-check payment,Fiber-optic internet service
8985-OOPOS,False Positive,0,1,0.33180061151347956,0.0318,High Risk,Priority 2,One year,1,0-12 Months,Credit card (automatic),DSL,Yes,No,2,74.1,Tenure of 12 months or less,No online-security subscription
9701-CDXHR,False Positive,0,1,0.33229195220415225,0.0323,High Risk,Priority 2,Month-to-month,51,49-72 Months,Mailed check,Fiber optic,No,No,0,69.15,Month-to-month contract,Fiber-optic internet service
0959-WHOKV,False Positive,0,1,0.33276468206004445,0.0328,High Risk,Priority 2,One year,42,25-48 Months,Electronic check,Fiber optic,No,Yes,3,99.0,Electronic-check payment,Fiber-optic internet service
1629-DQQVB,False Positive,0,1,0.3327556703353951,0.0328,High Risk,Priority 2,Month-to-month,14,13-24 Months,Bank transfer (automatic),DSL,No,Yes,1,50.1,Month-to-month contract,No technical-support subscription
9143-CANJF,False Positive,0,1,0.3334194771901281,0.0334,High Risk,Priority 2,Month-to-month,24,13-24 Months,Electronic check,DSL,Yes,Yes,2,55.15,Electronic-check payment,Month-to-month contract
1470-PSXNM,False Positive,0,1,0.33347899228845984,0.0335,High Risk,Priority 2,One year,49,49-72 Months,Electronic check,Fiber optic,No,No,2,93.65,Electronic-check payment,Fiber-optic internet service
5533-RJFTJ,False Positive,0,1,0.3343483153705405,0.0343,High Risk,Priority 2,Month-to-month,49,49-72 Months,Bank transfer (automatic),DSL,No,No,1,30.2,Month-to-month contract,No online-security subscription
6198-PNNSZ,False Positive,0,1,0.3346892907696884,0.0347,High Risk,Priority 2,One year,56,49-72 Months,Bank transfer (automatic),Fiber optic,No,Yes,3,109.8,Fiber-optic internet service,No technical-support subscription
8930-XOTDP,False Positive,0,1,0.3364132005386326,0.0364,High Risk,Priority 2,Month-to-month,18,13-24 Months,Mailed check,DSL,No,No,0,55.95,Month-to-month contract,No online-security subscription
5438-QMDDL,False Positive,0,1,0.33744200347701336,0.0374,High Risk,Priority 2,Month-to-month,19,13-24 Months,Mailed check,DSL,No,No,1,59.8,Month-to-month contract,No online-security subscription
3948-FVVRP,False Positive,0,1,0.3380497338964686,0.038,High Risk,Priority 2,Month-to-month,9,0-12 Months,Mailed check,DSL,Yes,No,2,54.8,Tenure of 12 months or less,Month-to-month contract
4619-EVPHY,False Positive,0,1,0.3381233809295071,0.0381,High Risk,Priority 2,One year,20,13-24 Months,Bank transfer (automatic),Fiber optic,No,No,0,91.0,Fiber-optic internet service,No online-security subscription
5966-EMAZU,False Positive,0,1,0.33952873922353877,0.0395,High Risk,Priority 2,One year,64,49-72 Months,Mailed check,Fiber optic,Yes,Yes,3,108.5,Fiber-optic internet service,No additional validated indicator
7426-WEIJX,False Positive,0,1,0.33959850444360506,0.0396,High Risk,Priority 2,Month-to-month,60,49-72 Months,Electronic check,Fiber optic,No,Yes,1,80.95,Electronic-check payment,Month-to-month contract
4672-FOTSD,False Positive,0,1,0.33993299613885425,0.0399,High Risk,Priority 2,Month-to-month,12,0-12 Months,Electronic check,DSL,Yes,Yes,3,67.25,Tenure of 12 months or less,Electronic-check payment
1465-LNTLJ,False Positive,0,1,0.34024308914667206,0.0402,High Risk,Priority 2,Month-to-month,8,0-12 Months,Credit card (automatic),DSL,Yes,No,2,64.4,Tenure of 12 months or less,Month-to-month contract
9128-CPXKI,False Positive,0,1,0.3410894017350306,0.0411,High Risk,Priority 2,Two year,59,49-72 Months,Electronic check,Fiber optic,No,No,1,95.8,Electronic-check payment,Fiber-optic internet service
7130-CTCUS,False Positive,0,1,0.3418454616321457,0.0418,High Risk,Priority 2,Month-to-month,16,13-24 Months,Bank transfer (automatic),DSL,No,Yes,2,54.55,Month-to-month contract,No technical-support subscription
5360-LJCNJ,False Positive,0,1,0.343105167389489,0.0431,High Risk,Priority 2,Two year,71,49-72 Months,Bank transfer (automatic),Fiber optic,No,No,2,105.15,Fiber-optic internet service,No online-security subscription
9163-GHAYE,False Positive,0,1,0.34395173703437354,0.044,High Risk,Priority 2,Month-to-month,15,13-24 Months,Electronic check,DSL,No,No,1,48.85,Electronic-check payment,Month-to-month contract
7669-LCRSD,False Positive,0,1,0.3450017410516031,0.045,High Risk,Priority 2,Month-to-month,12,0-12 Months,Mailed check,DSL,No,No,0,56.3,Tenure of 12 months or less,Month-to-month contract
1169-WCVAK,False Positive,0,1,0.34579639983378996,0.0458,High Risk,Priority 2,Month-to-month,19,13-24 Months,Credit card (automatic),Fiber optic,Yes,Yes,3,88.8,Month-to-month contract,Fiber-optic internet service
9097-ZUBYC,False Positive,0,1,0.34637675758465375,0.0464,High Risk,Priority 2,Month-to-month,14,13-24 Months,Bank transfer (automatic),DSL,Yes,No,1,48.8,Month-to-month contract,No online-security subscription
1360-JYXKQ,False Positive,0,1,0.3473275277068573,0.0473,High Risk,Priority 2,One year,54,49-72 Months,Electronic check,Fiber optic,Yes,No,2,99.1,Electronic-check payment,Fiber-optic internet service
3090-QFUVD,False Positive,0,1,0.347716619307569,0.0477,High Risk,Priority 2,Month-to-month,1,0-12 Months,Credit card (automatic),No,No internet service,No internet service,0,20.3,Tenure of 12 months or less,Month-to-month contract
3466-WAESX,False Positive,0,1,0.3494041307555463,0.0494,High Risk,Priority 2,Month-to-month,16,13-24 Months,Electronic check,DSL,No,Yes,2,69.1,Electronic-check payment,Month-to-month contract
9013-AQORL,False Positive,0,1,0.34985075606267163,0.0499,High Risk,Priority 2,Month-to-month,48,25-48 Months,Credit card (automatic),DSL,No,No,2,45.55,Month-to-month contract,No online-security subscription
1217-VASWC,False Positive,0,1,0.3505360496607462,0.0505,High Risk,Priority 2,One year,43,25-48 Months,Bank transfer (automatic),Fiber optic,No,No,2,100.55,Fiber-optic internet service,No online-security subscription
5140-FOMCQ,False Positive,0,1,0.35088870957872537,0.0509,High Risk,Priority 2,One year,59,49-72 Months,Credit card (automatic),Fiber optic,No,Yes,3,109.15,Fiber-optic internet service,No technical-support subscription
6733-LRIZX,False Positive,0,1,0.3517933327838715,0.0518,High Risk,Priority 2,Two year,35,25-48 Months,Electronic check,Fiber optic,Yes,Yes,3,108.95,Electronic-check payment,Fiber-optic internet service
4753-PADAS,False Positive,0,1,0.3521070216996385,0.0521,High Risk,Priority 2,One year,67,49-72 Months,Bank transfer (automatic),Fiber optic,No,No,2,105.7,Fiber-optic internet service,No online-security subscription
3729-OWRVL,False Positive,0,1,0.3527512780497305,0.0528,High Risk,Priority 2,Two year,65,49-72 Months,Electronic check,Fiber optic,Yes,Yes,3,110.35,Electronic-check payment,Fiber-optic internet service
4226-KKDON,False Positive,0,1,0.3528886927862136,0.0529,High Risk,Priority 2,Month-to-month,8,0-12 Months,Electronic check,DSL,Yes,No,2,66.65,Tenure of 12 months or less,Electronic-check payment
0048-LUMLS,False Positive,0,1,0.35313024109291147,0.0531,High Risk,Priority 2,One year,37,25-48 Months,Credit card (automatic),Fiber optic,No,No,0,91.2,Fiber-optic internet service,No online-security subscription
2798-NYLMZ,False Positive,0,1,0.3550324747672373,0.055,High Risk,Priority 2,Two year,71,49-72 Months,Credit card (automatic),Fiber optic,Yes,Yes,3,108.55,Fiber-optic internet service,No additional validated indicator
2279-AXJJK,False Positive,0,1,0.35638684023292083,0.0564,High Risk,Priority 2,Month-to-month,52,49-72 Months,Credit card (automatic),Fiber optic,Yes,No,2,95.65,Month-to-month contract,Fiber-optic internet service
6483-OATDN,False Positive,0,1,0.3580746198768509,0.0581,High Risk,Priority 2,Month-to-month,8,0-12 Months,Credit card (automatic),DSL,No,Yes,1,51.3,Tenure of 12 months or less,Month-to-month contract
0297-RBCSG,False Positive,0,1,0.35915071204901594,0.0592,High Risk,Priority 2,One year,19,13-24 Months,Bank transfer (automatic),DSL,Yes,No,2,65.35,No online-security subscription,No additional validated indicator
0471-ARVMX,False Positive,0,1,0.3640332825826957,0.064,High Risk,Priority 2,One year,62,49-72 Months,Electronic check,Fiber optic,No,Yes,2,104.85,Electronic-check payment,Fiber-optic internet service
4524-QCSSM,False Positive,0,1,0.36469857714929,0.0647,High Risk,Priority 2,Month-to-month,26,25-48 Months,Bank transfer (automatic),DSL,No,Yes,2,44.65,Month-to-month contract,No technical-support subscription
0327-WFZSY,False Positive,0,1,0.36562554314858225,0.0656,High Risk,Priority 2,One year,39,25-48 Months,Electronic check,Fiber optic,No,No,1,100.0,Electronic-check payment,Fiber-optic internet service
2828-SLQPF,False Positive,0,1,0.3657305998082542,0.0657,High Risk,Priority 2,Month-to-month,19,13-24 Months,Bank transfer (automatic),DSL,No,No,0,45.0,Month-to-month contract,No online-security subscription
0058-EVZWM,False Positive,0,1,0.3657622517485554,0.0658,High Risk,Priority 2,Month-to-month,55,49-72 Months,Bank transfer (automatic),Fiber optic,No,Yes,1,89.8,Month-to-month contract,Fiber-optic internet service
9758-MFWGD,False Positive,0,1,0.3659484512077161,0.0659,High Risk,Priority 2,One year,48,25-48 Months,Bank transfer (automatic),DSL,No,No,1,29.9,No online-security subscription,No technical-support subscription
2700-LUEVA,False Positive,0,1,0.36669914565415235,0.0667,High Risk,Priority 2,Month-to-month,1,0-12 Months,Credit card (automatic),No,No internet service,No internet service,0,20.75,Tenure of 12 months or less,Month-to-month contract
5630-AHZIL,False Positive,0,1,0.3680413442897243,0.068,High Risk,Priority 2,Month-to-month,3,0-12 Months,Bank transfer (automatic),DSL,Yes,Yes,2,64.5,Tenure of 12 months or less,Month-to-month contract
3639-XJHKQ,False Positive,0,1,0.37260051211986783,0.0726,High Risk,Priority 2,Month-to-month,19,13-24 Months,Electronic check,DSL,No,Yes,3,60.6,Electronic-check payment,Month-to-month contract
6898-MDLZW,False Positive,0,1,0.3763480968087766,0.0763,High Risk,Priority 2,Month-to-month,12,0-12 Months,Mailed check,DSL,Yes,No,2,53.75,Tenure of 12 months or less,Month-to-month contract
2195-VVRJF,False Positive,0,1,0.37735141906768876,0.0774,High Risk,Priority 2,Month-to-month,18,13-24 Months,Credit card (automatic),DSL,No,Yes,1,59.1,Month-to-month contract,No technical-support subscription
2257-BOVXD,False Positive,0,1,0.3776903442485399,0.0777,High Risk,Priority 2,Month-to-month,14,13-24 Months,Credit card (automatic),DSL,Yes,No,1,66.6,Month-to-month contract,No online-security subscription
3893-JRNFS,False Positive,0,1,0.3777310836275575,0.0777,High Risk,Priority 2,Month-to-month,68,49-72 Months,Bank transfer (automatic),DSL,No,No,1,39.9,Month-to-month contract,No online-security subscription
8158-WPEZG,False Positive,0,1,0.3787551396508663,0.0788,High Risk,Priority 2,Month-to-month,11,0-12 Months,Electronic check,DSL,Yes,No,2,35.65,Tenure of 12 months or less,Electronic-check payment
9544-PYPSJ,False Positive,0,1,0.3789363767047892,0.0789,High Risk,Priority 2,Month-to-month,62,49-72 Months,Credit card (automatic),Fiber optic,No,No,2,96.1,Month-to-month contract,Fiber-optic internet service
6713-OKOMC,False Positive,0,1,0.3791565913742478,0.0792,High Risk,Priority 2,Month-to-month,10,0-12 Months,Mailed check,DSL,No,Yes,1,29.75,Tenure of 12 months or less,Month-to-month contract
1848-LBZHY,False Positive,0,1,0.37950933613829313,0.0795,High Risk,Priority 2,Month-to-month,7,0-12 Months,Bank transfer (automatic),DSL,No,Yes,1,50.3,Tenure of 12 months or less,Month-to-month contract
2924-KHUVI,False Positive,0,1,0.3826700818302273,0.0827,High Risk,Priority 2,One year,56,49-72 Months,Electronic check,Fiber optic,No,Yes,1,100.55,Electronic-check payment,Fiber-optic internet service
1174-FGIFN,False Positive,0,1,0.38346166197096443,0.0835,High Risk,Priority 2,One year,28,25-48 Months,Electronic check,Fiber optic,Yes,No,1,90.45,Electronic-check payment,Fiber-optic internet service
2307-FYNNL,False Positive,0,1,0.38484634295222925,0.0848,High Risk,Priority 2,Two year,65,49-72 Months,Electronic check,Fiber optic,Yes,Yes,3,109.05,Electronic-check payment,Fiber-optic internet service
9700-ISPUP,False Positive,0,1,0.38522759322154265,0.0852,High Risk,Priority 2,Month-to-month,10,0-12 Months,Electronic check,DSL,Yes,No,2,65.5,Tenure of 12 months or less,Electronic-check payment
5804-HYIEZ,False Positive,0,1,0.3860670788094458,0.0861,High Risk,Priority 2,Month-to-month,70,49-72 Months,Electronic check,Fiber optic,No,Yes,2,106.05,Electronic-check payment,Month-to-month contract
6710-HSJRD,False Positive,0,1,0.3869910694674968,0.087,High Risk,Priority 2,Month-to-month,61,49-72 Months,Electronic check,Fiber optic,Yes,No,3,114.1,Electronic-check payment,Month-to-month contract
4003-FUSHP,False Positive,0,1,0.3883156480663702,0.0883,High Risk,Priority 2,Month-to-month,19,13-24 Months,Credit card (automatic),DSL,Yes,No,1,61.55,Month-to-month contract,No online-security subscription
0365-TRTPY,False Positive,0,1,0.39048313106571536,0.0905,High Risk,Priority 2,Month-to-month,37,25-48 Months,Bank transfer (automatic),Fiber optic,No,Yes,3,91.2,Month-to-month contract,Fiber-optic internet service
1436-ZMJAN,False Positive,0,1,0.3907590607839523,0.0908,High Risk,Priority 2,Month-to-month,10,0-12 Months,Credit card (automatic),DSL,No,No,1,67.8,Tenure of 12 months or less,Month-to-month contract
1559-DTODC,False Positive,0,1,0.3914351641502169,0.0914,High Risk,Priority 2,Month-to-month,19,13-24 Months,Bank transfer (automatic),DSL,No,No,0,25.15,Month-to-month contract,No online-security subscription
8992-CEUEN,False Positive,0,1,0.3938028395764836,0.0938,High Risk,Priority 2,Month-to-month,1,0-12 Months,Electronic check,No,No internet service,No internet service,0,18.85,Tenure of 12 months or less,Electronic-check payment
7251-LJBQN,False Positive,0,1,0.3954656568337897,0.0955,High Risk,Priority 2,One year,40,25-48 Months,Credit card (automatic),Fiber optic,Yes,No,2,103.75,Fiber-optic internet service,No online-security subscription
6583-SZVGP,False Positive,0,1,0.39615556724215173,0.0962,High Risk,Priority 2,Two year,48,25-48 Months,Bank transfer (automatic),Fiber optic,No,No,2,108.1,Fiber-optic internet service,No online-security subscription
9278-VZKCD,False Positive,0,1,0.3981229733920464,0.0981,High Risk,Priority 2,Month-to-month,52,49-72 Months,Electronic check,Fiber optic,No,Yes,3,109.1,Electronic-check payment,Month-to-month contract
7398-LXGYX,False Positive,0,1,0.39805984927143534,0.0981,High Risk,Priority 2,Month-to-month,44,25-48 Months,Credit card (automatic),Fiber optic,No,Yes,2,84.8,Month-to-month contract,Fiber-optic internet service
2782-LFZVW,False Positive,0,1,0.39944966339132515,0.0994,High Risk,Priority 2,Month-to-month,11,0-12 Months,Mailed check,DSL,No,No,0,58.95,Tenure of 12 months or less,Month-to-month contract
2139-FQHLM,False Positive,0,1,0.399771514964358,0.0998,High Risk,Priority 2,Month-to-month,19,13-24 Months,Mailed check,Fiber optic,Yes,No,2,89.95,Month-to-month contract,Fiber-optic internet service
1956-YIFGE,False Positive,0,1,0.4047667331991809,0.1048,High Risk,Priority 2,One year,22,13-24 Months,Mailed check,Fiber optic,No,No,2,100.05,Fiber-optic internet service,No online-security subscription
3567-PQTSO,False Positive,0,1,0.4050647031607457,0.1051,High Risk,Priority 2,One year,53,49-72 Months,Electronic check,Fiber optic,No,No,2,105.25,Electronic-check payment,Fiber-optic internet service
5213-TWWJU,False Positive,0,1,0.40810035215784546,0.1081,High Risk,Priority 2,Month-to-month,28,25-48 Months,Electronic check,Fiber optic,Yes,No,2,91.0,Electronic-check payment,Month-to-month contract
2480-EJWYP,False Positive,0,1,0.40824219264133504,0.1082,High Risk,Priority 2,One year,58,49-72 Months,Bank transfer (automatic),Fiber optic,No,No,1,97.8,Fiber-optic internet service,No online-security subscription
0913-XWSCN,False Positive,0,1,0.4102730221129471,0.1103,High Risk,Priority 2,Month-to-month,55,49-72 Months,Bank transfer (automatic),Fiber optic,No,No,0,85.5,Month-to-month contract,Fiber-optic internet service
7876-BEUTG,False Positive,0,1,0.410632620591908,0.1106,High Risk,Priority 2,Month-to-month,15,13-24 Months,Mailed check,DSL,No,No,0,48.8,Month-to-month contract,No online-security subscription
9481-SFCQY,False Positive,0,1,0.41228791665786296,0.1123,High Risk,Priority 2,Month-to-month,14,13-24 Months,Credit card (automatic),DSL,No,No,1,59.8,Month-to-month contract,No online-security subscription
7572-KPVKK,False Positive,0,1,0.4128866463037491,0.1129,High Risk,Priority 2,Two year,62,49-72 Months,Electronic check,Fiber optic,Yes,No,2,104.05,Electronic-check payment,Fiber-optic internet service
1395-OFUWC,False Positive,0,1,0.41827461787609266,0.1183,High Risk,Priority 2,Month-to-month,43,25-48 Months,Credit card (automatic),DSL,No,No,1,29.3,Month-to-month contract,No online-security subscription
3787-TRIAL,False Positive,0,1,0.4185336626228618,0.1185,High Risk,Priority 2,Month-to-month,21,13-24 Months,Electronic check,DSL,No,No,0,26.05,Electronic-check payment,Month-to-month contract
1194-SPVSP,False Positive,0,1,0.42110481530525506,0.1211,High Risk,Priority 2,Month-to-month,1,0-12 Months,Bank transfer (automatic),No,No internet service,No internet service,0,19.65,Tenure of 12 months or less,Month-to-month contract
6874-SGLHU,False Positive,0,1,0.42210119947561686,0.1221,High Risk,Priority 2,One year,30,25-48 Months,Bank transfer (automatic),Fiber optic,No,No,1,97.0,Fiber-optic internet service,No online-security subscription
3604-WLABM,False Positive,0,1,0.4226658909303215,0.1227,High Risk,Priority 2,Month-to-month,10,0-12 Months,Electronic check,DSL,Yes,No,2,54.25,Tenure of 12 months or less,Electronic-check payment
1051-GEJLJ,False Positive,0,1,0.4261923662749234,0.1262,High Risk,Priority 2,Month-to-month,2,0-12 Months,Mailed check,No,No internet service,No internet service,0,19.5,Tenure of 12 months or less,Month-to-month contract
1357-BIJKI,False Positive,0,1,0.43489518386146403,0.1349,High Risk,Priority 2,One year,50,49-72 Months,Electronic check,Fiber optic,No,No,1,98.25,Electronic-check payment,Fiber-optic internet service
4983-CLMLV,False Positive,0,1,0.43623683166823923,0.1362,High Risk,Priority 2,Month-to-month,52,49-72 Months,Credit card (automatic),Fiber optic,Yes,No,2,102.7,Month-to-month contract,Fiber-optic internet service
4993-JCRGJ,False Positive,0,1,0.4379166539734204,0.1379,High Risk,Priority 2,Month-to-month,26,25-48 Months,Mailed check,Fiber optic,Yes,No,2,84.3,Month-to-month contract,Fiber-optic internet service
2971-SGAFL,False Positive,0,1,0.4414112326030097,0.1414,High Risk,Priority 2,Month-to-month,13,13-24 Months,Electronic check,DSL,No,Yes,2,78.75,Electronic-check payment,Month-to-month contract
5575-TPIZQ,False Positive,0,1,0.44219703941609945,0.1422,High Risk,Priority 2,Month-to-month,46,25-48 Months,Credit card (automatic),Fiber optic,No,Yes,1,89.15,Month-to-month contract,Fiber-optic internet service
2587-EKXTS,False Positive,0,1,0.44353656378326245,0.1435,High Risk,Priority 2,Month-to-month,44,25-48 Months,Electronic check,Fiber optic,No,Yes,3,111.5,Electronic-check payment,Month-to-month contract
6704-UTUKK,False Positive,0,1,0.44605067069463683,0.1461,High Risk,Priority 2,Month-to-month,29,25-48 Months,Electronic check,DSL,No,No,0,45.9,Electronic-check payment,Month-to-month contract
6729-GDNGC,False Positive,0,1,0.44923437107178216,0.1492,High Risk,Priority 2,Month-to-month,20,13-24 Months,Bank transfer (automatic),Fiber optic,No,No,0,80.7,Month-to-month contract,Fiber-optic internet service
0422-UXFAP,False Positive,0,1,0.45271482399306423,0.1527,High Risk,Priority 2,One year,51,49-72 Months,Electronic check,Fiber optic,No,No,1,98.85,Electronic-check payment,Fiber-optic internet service
9842-EFSYY,False Positive,0,1,0.45377899114460746,0.1538,High Risk,Priority 2,Month-to-month,4,0-12 Months,Mailed check,DSL,No,Yes,3,57.2,Tenure of 12 months or less,Month-to-month contract
5136-GFPMB,False Positive,0,1,0.4551269186311389,0.1551,High Risk,Priority 2,Month-to-month,54,49-72 Months,Credit card (automatic),Fiber optic,No,No,1,89.4,Month-to-month contract,Fiber-optic internet service
9374-YOLBJ,False Positive,0,1,0.45560184360217837,0.1556,High Risk,Priority 2,Month-to-month,1,0-12 Months,Electronic check,No,No internet service,No internet service,0,19.25,Tenure of 12 months or less,Electronic-check payment
6559-RAKOZ,False Positive,0,1,0.45594249952146093,0.1559,High Risk,Priority 2,One year,49,49-72 Months,Electronic check,Fiber optic,Yes,No,1,97.95,Electronic-check payment,Fiber-optic internet service
7853-WNZSY,False Positive,0,1,0.455913391164732,0.1559,High Risk,Priority 2,Month-to-month,1,0-12 Months,Credit card (automatic),No,No internet service,No internet service,0,19.75,Tenure of 12 months or less,Month-to-month contract
2668-TZSPS,False Positive,0,1,0.45607043907468003,0.1561,High Risk,Priority 2,Month-to-month,1,0-12 Months,Mailed check,No,No internet service,No internet service,0,20.45,Tenure of 12 months or less,Month-to-month contract
4724-WXVWF,False Positive,0,1,0.45759730998192444,0.1576,High Risk,Priority 2,Month-to-month,48,25-48 Months,Electronic check,Fiber optic,Yes,Yes,2,95.4,Electronic-check payment,Month-to-month contract
0668-OGMHD,False Positive,0,1,0.4588559178050039,0.1589,High Risk,Priority 2,Month-to-month,21,13-24 Months,Electronic check,DSL,No,Yes,1,28.5,Electronic-check payment,Month-to-month contract
5402-HTOTQ,False Positive,0,1,0.46210578889487514,0.1621,High Risk,Priority 2,Month-to-month,16,13-24 Months,Electronic check,DSL,No,No,1,55.3,Electronic-check payment,Month-to-month contract
2750-BJLSB,False Positive,0,1,0.46264904233349674,0.1626,High Risk,Priority 2,One year,47,25-48 Months,Electronic check,Fiber optic,Yes,Yes,3,103.7,Electronic-check payment,Fiber-optic internet service
4256-ZWTZI,False Positive,0,1,0.46420474970257364,0.1642,High Risk,Priority 2,Month-to-month,5,0-12 Months,Mailed check,DSL,Yes,No,1,51.0,Tenure of 12 months or less,Month-to-month contract
8620-RJPZN,False Positive,0,1,0.4647403872593299,0.1647,High Risk,Priority 2,Month-to-month,1,0-12 Months,Electronic check,No,No internet service,No internet service,0,20.7,Tenure of 12 months or less,Electronic-check payment
8033-VCZGH,False Positive,0,1,0.4650576183660477,0.1651,High Risk,Priority 2,One year,50,49-72 Months,Electronic check,Fiber optic,No,Yes,2,103.95,Electronic-check payment,Fiber-optic internet service
2293-IJWPS,False Positive,0,1,0.46547000718220916,0.1655,High Risk,Priority 2,One year,57,49-72 Months,Credit card (automatic),Fiber optic,No,No,1,100.75,Fiber-optic internet service,No online-security subscription
2770-NSVDG,False Positive,0,1,0.4680098635345327,0.168,High Risk,Priority 2,Month-to-month,24,13-24 Months,Electronic check,DSL,No,No,1,29.1,Electronic-check payment,Month-to-month contract
7134-MJPDY,False Positive,0,1,0.47730562962828366,0.1773,High Risk,Priority 2,One year,66,49-72 Months,Credit card (automatic),Fiber optic,Yes,No,2,102.85,Fiber-optic internet service,No online-security subscription
0013-MHZWF,False Positive,0,1,0.4781447965505503,0.1781,High Risk,Priority 2,Month-to-month,9,0-12 Months,Credit card (automatic),DSL,Yes,No,1,69.4,Tenure of 12 months or less,Month-to-month contract
8455-HIRAQ,False Positive,0,1,0.48148642852669893,0.1815,High Risk,Priority 2,Month-to-month,8,0-12 Months,Mailed check,DSL,No,No,0,44.45,Tenure of 12 months or less,Month-to-month contract
2041-JIJCI,False Positive,0,1,0.4819509022979137,0.182,High Risk,Priority 2,Month-to-month,5,0-12 Months,Electronic check,DSL,No,No,1,64.0,Tenure of 12 months or less,Electronic-check payment
9122-UMROB,False Positive,0,1,0.48401613991288284,0.184,High Risk,Priority 2,Month-to-month,1,0-12 Months,Mailed check,No,No internet service,No internet service,0,20.3,Tenure of 12 months or less,Month-to-month contract
3594-KADLU,False Positive,0,1,0.484489013024512,0.1845,High Risk,Priority 2,Month-to-month,3,0-12 Months,Mailed check,DSL,Yes,Yes,2,35.1,Tenure of 12 months or less,Month-to-month contract
1100-DDVRV,False Positive,0,1,0.4861225454352638,0.1861,High Risk,Priority 2,Month-to-month,17,13-24 Months,Mailed check,DSL,No,No,1,49.8,Month-to-month contract,No online-security subscription
2190-BCXEC,False Positive,0,1,0.4862181700592898,0.1862,High Risk,Priority 2,Month-to-month,40,25-48 Months,Credit card (automatic),Fiber optic,Yes,No,1,78.85,Month-to-month contract,Fiber-optic internet service
7055-HNEOJ,False Positive,0,1,0.4877210538436759,0.1877,High Risk,Priority 2,Month-to-month,3,0-12 Months,Mailed check,DSL,Yes,No,2,55.8,Tenure of 12 months or less,Month-to-month contract
3069-SSVSN,False Positive,0,1,0.4896470819846336,0.1896,High Risk,Priority 2,One year,1,0-12 Months,Mailed check,DSL,No,No,0,25.85,Tenure of 12 months or less,No online-security subscription
1310-QRITU,False Positive,0,1,0.4908379416905335,0.1908,High Risk,Priority 2,Month-to-month,18,13-24 Months,Electronic check,DSL,No,No,0,50.3,Electronic-check payment,Month-to-month contract
9537-VHDTA,False Positive,0,1,0.4946115668206814,0.1946,High Risk,Priority 2,Month-to-month,1,0-12 Months,Mailed check,DSL,No,Yes,1,51.2,Tenure of 12 months or less,Month-to-month contract
2386-OWURY,False Positive,0,1,0.49537468276831115,0.1954,High Risk,Priority 2,Month-to-month,58,49-72 Months,Electronic check,Fiber optic,Yes,No,1,95.3,Electronic-check payment,Month-to-month contract
4937-QPZPO,False Positive,0,1,0.49632408989407767,0.1963,High Risk,Priority 2,One year,61,49-72 Months,Electronic check,Fiber optic,No,No,1,99.9,Electronic-check payment,Fiber-optic internet service
9767-FFLEM,False Positive,0,1,0.4964619041947329,0.1965,High Risk,Priority 2,Month-to-month,38,25-48 Months,Credit card (automatic),Fiber optic,No,No,0,69.5,Month-to-month contract,Fiber-optic internet service
3587-PMCOY,False Positive,0,1,0.4974269700487623,0.1974,High Risk,Priority 2,One year,10,0-12 Months,Electronic check,Fiber optic,No,Yes,2,98.9,Tenure of 12 months or less,Electronic-check payment
9822-WMWVG,False Positive,0,1,0.5020747861088763,0.2021,High Risk,Priority 2,Month-to-month,41,25-48 Months,Electronic check,Fiber optic,Yes,Yes,4,106.5,Electronic-check payment,Month-to-month contract
6257-RJOHI,False Positive,0,1,0.5022438203743449,0.2022,High Risk,Priority 2,Month-to-month,4,0-12 Months,Mailed check,DSL,Yes,No,1,50.8,Tenure of 12 months or less,Month-to-month contract
7129-ACFOG,False Positive,0,1,0.5031791676023801,0.2032,High Risk,Priority 2,Month-to-month,5,0-12 Months,Electronic check,DSL,No,Yes,1,53.8,Tenure of 12 months or less,Electronic-check payment
4329-YPDDQ,False Positive,0,1,0.5053516708928214,0.2054,High Risk,Priority 2,Month-to-month,20,13-24 Months,Bank transfer (automatic),Fiber optic,Yes,Yes,4,108.2,Month-to-month contract,Fiber-optic internet service
1816-FLZDK,False Positive,0,1,0.5065067521755883,0.2065,High Risk,Priority 2,Month-to-month,1,0-12 Months,Mailed check,DSL,Yes,No,1,29.15,Tenure of 12 months or less,Month-to-month contract
2669-QVCRG,False Positive,0,1,0.5083169923692646,0.2083,High Risk,Priority 2,Month-to-month,41,25-48 Months,Credit card (automatic),Fiber optic,No,Yes,1,81.3,Month-to-month contract,Fiber-optic internet service
7733-UDMTP,False Positive,0,1,0.5100676537936091,0.2101,High Risk,Priority 2,Month-to-month,57,49-72 Months,Electronic check,DSL,No,No,2,55.0,Electronic-check payment,Month-to-month contract
5129-JLPIS,False Positive,0,1,0.5107039761672744,0.2107,High Risk,Priority 2,Month-to-month,25,25-48 Months,Electronic check,Fiber optic,Yes,Yes,3,105.5,Electronic-check payment,Month-to-month contract
9327-QSDED,False Positive,0,1,0.5113610504505189,0.2114,High Risk,Priority 2,Month-to-month,8,0-12 Months,Mailed check,DSL,No,No,0,43.55,Tenure of 12 months or less,Month-to-month contract
4660-IRIBM,False Positive,0,1,0.5116665465764196,0.2117,High Risk,Priority 2,Month-to-month,18,13-24 Months,Mailed check,Fiber optic,No,Yes,2,87.9,Month-to-month contract,Fiber-optic internet service
7277-OZCGZ,False Positive,0,1,0.5136695807934114,0.2137,High Risk,Priority 2,Month-to-month,22,13-24 Months,Electronic check,Fiber optic,Yes,Yes,2,89.05,Electronic-check payment,Month-to-month contract
0365-GXEZS,False Positive,0,1,0.515052615691948,0.2151,High Risk,Priority 2,Month-to-month,18,13-24 Months,Electronic check,Fiber optic,Yes,No,2,78.2,Electronic-check payment,Month-to-month contract
2101-RANCD,False Positive,0,1,0.515186173014155,0.2152,High Risk,Priority 2,Month-to-month,55,49-72 Months,Electronic check,Fiber optic,No,No,0,73.1,Electronic-check payment,Month-to-month contract
6815-ABQFQ,False Positive,0,1,0.5153605784756794,0.2154,High Risk,Priority 2,One year,56,49-72 Months,Electronic check,Fiber optic,Yes,No,2,107.25,Electronic-check payment,Fiber-optic internet service
4526-ZJJTM,False Positive,0,1,0.5161237911027967,0.2161,High Risk,Priority 2,Month-to-month,25,25-48 Months,Bank transfer (automatic),Fiber optic,No,No,2,88.4,Month-to-month contract,Fiber-optic internet service
4468-YDOVK,False Positive,0,1,0.5164365595471557,0.2164,High Risk,Priority 2,Month-to-month,5,0-12 Months,Bank transfer (automatic),DSL,Yes,No,1,48.65,Tenure of 12 months or less,Month-to-month contract
2960-NKRSO,False Positive,0,1,0.5168641068527499,0.2169,High Risk,Priority 2,Month-to-month,24,13-24 Months,Electronic check,Fiber optic,Yes,No,3,85.95,Electronic-check payment,Month-to-month contract
6234-PFPXL,False Positive,0,1,0.5171623331400041,0.2172,High Risk,Priority 2,Month-to-month,22,13-24 Months,Credit card (automatic),Fiber optic,Yes,Yes,2,95.9,Month-to-month contract,Fiber-optic internet service
4760-THGOT,False Positive,0,1,0.5188100099604299,0.2188,High Risk,Priority 2,Month-to-month,43,25-48 Months,Electronic check,Fiber optic,No,Yes,2,94.1,Electronic-check payment,Month-to-month contract
2720-FVBQP,False Positive,0,1,0.5203183319670474,0.2203,High Risk,Priority 2,Month-to-month,6,0-12 Months,Credit card (automatic),DSL,No,No,0,48.95,Tenure of 12 months or less,Month-to-month contract
5600-PDUJF,False Positive,0,1,0.5211920097766567,0.2212,High Risk,Priority 2,Month-to-month,6,0-12 Months,Credit card (automatic),DSL,Yes,No,1,49.5,Tenure of 12 months or less,Month-to-month contract
5440-VHLUL,False Positive,0,1,0.5232476552870196,0.2232,High Risk,Priority 2,One year,69,49-72 Months,Bank transfer (automatic),Fiber optic,Yes,No,2,105.2,Fiber-optic internet service,No online-security subscription
5609-IMCGG,False Positive,0,1,0.523771939615056,0.2238,High Risk,Priority 2,Month-to-month,15,13-24 Months,Credit card (automatic),Fiber optic,No,Yes,2,84.35,Month-to-month contract,Fiber-optic internet service
3679-XASPY,False Positive,0,1,0.5267181772866143,0.2267,High Risk,Priority 2,Month-to-month,1,0-12 Months,Electronic check,No,No internet service,No internet service,0,19.45,Tenure of 12 months or less,Electronic-check payment
2988-PLAHS,False Positive,0,1,0.5290282760033602,0.229,High Risk,Priority 2,One year,3,0-12 Months,Electronic check,DSL,No,No,1,69.95,Tenure of 12 months or less,Electronic-check payment
8160-HOWOX,False Positive,0,1,0.5309858529086,0.231,High Risk,Priority 2,Month-to-month,7,0-12 Months,Electronic check,DSL,No,No,0,66.85,Tenure of 12 months or less,Electronic-check payment
2178-PMGCJ,False Positive,0,1,0.5341875783820871,0.2342,High Risk,Priority 2,Month-to-month,22,13-24 Months,Mailed check,Fiber optic,No,No,0,69.7,Month-to-month contract,Fiber-optic internet service
1346-UFHAX,False Positive,0,1,0.5348739018887899,0.2349,High Risk,Priority 2,Month-to-month,13,13-24 Months,Credit card (automatic),Fiber optic,No,Yes,1,80.0,Month-to-month contract,Fiber-optic internet service
5934-TSSAU,False Positive,0,1,0.5352429938642782,0.2352,High Risk,Priority 2,Month-to-month,23,13-24 Months,Credit card (automatic),Fiber optic,No,No,1,75.3,Month-to-month contract,Fiber-optic internet service
8805-JNRAZ,False Positive,0,1,0.5373975739903191,0.2374,High Risk,Priority 2,Month-to-month,2,0-12 Months,Mailed check,DSL,No,No,1,49.2,Tenure of 12 months or less,Month-to-month contract
8728-SKJLR,False Positive,0,1,0.5384510025208246,0.2385,High Risk,Priority 2,Month-to-month,41,25-48 Months,Electronic check,Fiber optic,Yes,No,1,74.25,Electronic-check payment,Month-to-month contract
3094-JOJAI,False Positive,0,1,0.5404957908960772,0.2405,High Risk,Priority 2,Month-to-month,18,13-24 Months,Mailed check,Fiber optic,No,No,0,74.15,Month-to-month contract,Fiber-optic internet service
3780-YVMFA,False Positive,0,1,0.5412561440873171,0.2413,High Risk,Priority 2,Month-to-month,8,0-12 Months,Electronic check,DSL,Yes,No,1,68.55,Tenure of 12 months or less,Electronic-check payment
2227-JRSJX,False Positive,0,1,0.5416882807265372,0.2417,High Risk,Priority 2,Month-to-month,21,13-24 Months,Bank transfer (automatic),Fiber optic,Yes,No,2,99.15,Month-to-month contract,Fiber-optic internet service
7529-ZDFXI,False Positive,0,1,0.5438144454390414,0.2438,High Risk,Priority 2,Month-to-month,57,49-72 Months,Electronic check,Fiber optic,No,No,1,89.85,Electronic-check payment,Month-to-month contract
9812-GHVRI,False Positive,0,1,0.5455873120053524,0.2456,High Risk,Priority 2,Month-to-month,40,25-48 Months,Bank transfer (automatic),Fiber optic,No,No,0,83.85,Month-to-month contract,Fiber-optic internet service
1575-KRZZE,False Positive,0,1,0.5479682969333067,0.248,High Risk,Priority 2,Month-to-month,4,0-12 Months,Electronic check,DSL,No,Yes,2,55.2,Tenure of 12 months or less,Electronic-check payment
9576-SYUHJ,False Positive,0,1,0.5488030012301015,0.2488,High Risk,Priority 2,Month-to-month,37,25-48 Months,Electronic check,Fiber optic,No,Yes,1,91.15,Electronic-check payment,Month-to-month contract
0730-KOAVE,False Positive,0,1,0.5488934761203706,0.2489,High Risk,Priority 2,Month-to-month,30,25-48 Months,Credit card (automatic),Fiber optic,No,Yes,2,94.3,Month-to-month contract,Fiber-optic internet service
3569-EDBPQ,False Positive,0,1,0.5507335354067359,0.2507,High Risk,Priority 2,Month-to-month,24,13-24 Months,Electronic check,Fiber optic,Yes,Yes,2,84.35,Electronic-check payment,Month-to-month contract
0531-ZZJWQ,False Positive,0,1,0.5526879968320353,0.2527,High Risk,Priority 2,Month-to-month,55,49-72 Months,Electronic check,Fiber optic,No,No,0,74.0,Electronic-check payment,Month-to-month contract
8849-AYPTR,False Positive,0,1,0.5541441850704456,0.2541,High Risk,Priority 2,Month-to-month,33,25-48 Months,Electronic check,Fiber optic,No,No,0,91.25,Electronic-check payment,Month-to-month contract
9979-RGMZT,False Positive,0,1,0.5558823888983216,0.2559,High Risk,Priority 2,One year,7,0-12 Months,Mailed check,Fiber optic,No,No,1,94.05,Tenure of 12 months or less,Fiber-optic internet service
9819-FBNSV,False Positive,0,1,0.561301662656383,0.2613,High Risk,Priority 2,Month-to-month,37,25-48 Months,Bank transfer (automatic),Fiber optic,No,No,0,72.25,Month-to-month contract,Fiber-optic internet service
2911-WDXMV,False Positive,0,1,0.5621412474086033,0.2621,High Risk,Priority 2,Month-to-month,18,13-24 Months,Credit card (automatic),Fiber optic,No,No,1,80.55,Month-to-month contract,Fiber-optic internet service
7460-ITWWP,False Positive,0,1,0.5625117796945854,0.2625,High Risk,Priority 2,Month-to-month,45,25-48 Months,Electronic check,Fiber optic,No,No,1,86.1,Electronic-check payment,Month-to-month contract
7504-UWHNB,False Positive,0,1,0.5629852788774136,0.263,High Risk,Priority 2,Month-to-month,25,25-48 Months,Electronic check,Fiber optic,No,No,0,69.75,Electronic-check payment,Month-to-month contract
5461-QKNTN,False Positive,0,1,0.5651153771272157,0.2651,High Risk,Priority 2,Month-to-month,43,25-48 Months,Electronic check,Fiber optic,Yes,No,2,94.3,Electronic-check payment,Month-to-month contract
4013-GUXND,False Positive,0,1,0.5656744889785813,0.2657,High Risk,Priority 2,Month-to-month,1,0-12 Months,Mailed check,No,No internet service,No internet service,0,20.8,Tenure of 12 months or less,Month-to-month contract
0096-BXERS,False Positive,0,1,0.5678455234235807,0.2678,High Risk,Priority 2,Month-to-month,6,0-12 Months,Electronic check,DSL,No,No,0,50.35,Tenure of 12 months or less,Electronic-check payment
4840-ORQXB,False Positive,0,1,0.5697981844414466,0.2698,High Risk,Priority 2,Month-to-month,56,49-72 Months,Electronic check,Fiber optic,No,No,2,104.75,Electronic-check payment,Month-to-month contract
3466-RITXD,False Positive,0,1,0.5701774182709218,0.2702,High Risk,Priority 2,Month-to-month,26,25-48 Months,Credit card (automatic),Fiber optic,No,Yes,2,92.4,Month-to-month contract,Fiber-optic internet service
2277-DJJDL,False Positive,0,1,0.5727472953541978,0.2727,High Risk,Priority 2,Month-to-month,60,49-72 Months,Electronic check,Fiber optic,Yes,No,1,99.0,Electronic-check payment,Month-to-month contract
6654-QGBZZ,False Positive,0,1,0.5744764913958915,0.2745,High Risk,Priority 2,Month-to-month,1,0-12 Months,Mailed check,No,No internet service,No internet service,0,19.9,Tenure of 12 months or less,Month-to-month contract
1261-FWTTE,False Positive,0,1,0.5754260795483566,0.2754,High Risk,Priority 2,Month-to-month,23,13-24 Months,Bank transfer (automatic),DSL,No,No,0,34.65,Month-to-month contract,No online-security subscription
0082-OQIQY,False Positive,0,1,0.57592881134208,0.2759,High Risk,Priority 2,Month-to-month,29,25-48 Months,Electronic check,Fiber optic,Yes,No,1,94.2,Electronic-check payment,Month-to-month contract
6173-GOLSU,False Positive,0,1,0.5767874972770891,0.2768,High Risk,Priority 2,Month-to-month,67,49-72 Months,Credit card (automatic),Fiber optic,No,No,0,94.65,Month-to-month contract,Fiber-optic internet service
3930-ZGWVE,False Positive,0,1,0.5772213015071475,0.2772,High Risk,Priority 2,Month-to-month,1,0-12 Months,Mailed check,No,No internet service,No internet service,0,19.75,Tenure of 12 months or less,Month-to-month contract
5351-QESIO,False Positive,0,1,0.5794963571958307,0.2795,High Risk,Priority 2,Month-to-month,1,0-12 Months,Mailed check,DSL,No,No,0,24.2,Tenure of 12 months or less,Month-to-month contract
2478-EEWWM,False Positive,0,1,0.5824322934529654,0.2824,High Risk,Priority 2,Month-to-month,59,49-72 Months,Electronic check,DSL,No,No,0,44.3,Electronic-check payment,Month-to-month contract
1471-GIQKQ,False Positive,0,1,0.5838219546207231,0.2838,High Risk,Priority 2,Month-to-month,1,0-12 Months,Electronic check,DSL,No,No,1,49.95,Tenure of 12 months or less,Electronic-check payment
9629-NHXFW,False Positive,0,1,0.5857128685557845,0.2857,High Risk,Priority 2,Month-to-month,1,0-12 Months,Mailed check,No,No internet service,No internet service,0,19.4,Tenure of 12 months or less,Month-to-month contract
6048-QBXKL,False Positive,0,1,0.5887392186241198,0.2887,High Risk,Priority 2,Month-to-month,2,0-12 Months,Credit card (automatic),DSL,No,No,1,56.55,Tenure of 12 months or less,Month-to-month contract
3976-NLDEZ,False Positive,0,1,0.5896584909288016,0.2897,High Risk,Priority 2,Month-to-month,1,0-12 Months,Mailed check,No,No internet service,No internet service,0,20.6,Tenure of 12 months or less,Month-to-month contract
7404-JLKQG,False Positive,0,1,0.5904696430007393,0.2905,High Risk,Priority 2,Month-to-month,3,0-12 Months,Electronic check,DSL,No,No,1,57.55,Tenure of 12 months or less,Electronic-check payment
6128-AQBMT,False Positive,0,1,0.5907561269576191,0.2908,High Risk,Priority 2,Month-to-month,41,25-48 Months,Electronic check,DSL,No,No,2,53.95,Electronic-check payment,Month-to-month contract
2203-GHNWN,False Positive,0,1,0.5919593782955427,0.292,High Risk,Priority 2,Month-to-month,24,13-24 Months,Mailed check,Fiber optic,No,No,1,79.65,Month-to-month contract,Fiber-optic internet service
1622-HSHSF,False Positive,0,1,0.592311082892854,0.2923,High Risk,Priority 2,Month-to-month,1,0-12 Months,Mailed check,No,No internet service,No internet service,0,19.55,Tenure of 12 months or less,Month-to-month contract
5651-YLPRD,False Positive,0,1,0.5937886563170512,0.2938,High Risk,Priority 2,Month-to-month,32,25-48 Months,Electronic check,Fiber optic,No,No,1,86.1,Electronic-check payment,Month-to-month contract
6481-ESCNL,False Positive,0,1,0.5944387410837009,0.2944,High Risk,Priority 2,Month-to-month,29,25-48 Months,Bank transfer (automatic),Fiber optic,No,No,1,100.55,Month-to-month contract,Fiber-optic internet service
9927-DSWDF,False Positive,0,1,0.5949840286067362,0.295,High Risk,Priority 2,Month-to-month,22,13-24 Months,Electronic check,Fiber optic,Yes,Yes,3,104.6,Electronic-check payment,Month-to-month contract
1319-YLZJG,False Positive,0,1,0.6009226929377635,0.3009,High Risk,Priority 2,Month-to-month,12,0-12 Months,Electronic check,Fiber optic,No,Yes,3,84.6,Tenure of 12 months or less,Electronic-check payment
9389-ACWBI,False Positive,0,1,0.6009482483944805,0.3009,High Risk,Priority 2,Month-to-month,5,0-12 Months,Credit card (automatic),Fiber optic,No,No,0,69.95,Tenure of 12 months or less,Month-to-month contract
3197-ARFOY,False Positive,0,1,0.60132320715317,0.3013,High Risk,Priority 2,Month-to-month,19,13-24 Months,Mailed check,Fiber optic,Yes,Yes,3,105.0,Month-to-month contract,Fiber-optic internet service
6557-BZXLQ,False Positive,0,1,0.6016034725910256,0.3016,High Risk,Priority 2,Month-to-month,16,13-24 Months,Electronic check,Fiber optic,No,No,0,69.65,Electronic-check payment,Month-to-month contract
0410-IPFTY,False Positive,0,1,0.60228435614703,0.3023,High Risk,Priority 2,Month-to-month,31,25-48 Months,Bank transfer (automatic),Fiber optic,No,No,1,83.85,Month-to-month contract,Fiber-optic internet service
9112-WSNPU,False Positive,0,1,0.6028389571058366,0.3028,High Risk,Priority 2,Month-to-month,35,25-48 Months,Electronic check,Fiber optic,No,No,0,70.55,Electronic-check payment,Month-to-month contract
5016-IBERQ,False Positive,0,1,0.6040293219642198,0.304,High Risk,Priority 2,Month-to-month,23,13-24 Months,Electronic check,Fiber optic,No,No,2,84.25,Electronic-check payment,Month-to-month contract
0430-IHCDJ,False Positive,0,1,0.6041245441300026,0.3041,High Risk,Priority 2,Month-to-month,15,13-24 Months,Electronic check,DSL,No,No,0,49.0,Electronic-check payment,Month-to-month contract
6402-EJMWF,False Positive,0,1,0.6102727270982264,0.3103,High Risk,Priority 2,Month-to-month,4,0-12 Months,Mailed check,DSL,No,No,0,55.3,Tenure of 12 months or less,Month-to-month contract
1302-UHBDD,False Positive,0,1,0.6165078865470401,0.3165,High Risk,Priority 2,Month-to-month,20,13-24 Months,Electronic check,Fiber optic,No,No,0,89.95,Electronic-check payment,Month-to-month contract
8058-DMYRU,False Positive,0,1,0.6170486479420471,0.317,High Risk,Priority 2,Month-to-month,54,49-72 Months,Electronic check,Fiber optic,No,No,1,90.05,Electronic-check payment,Month-to-month contract
6080-TCMYC,False Positive,0,1,0.6177856581687557,0.3178,High Risk,Priority 2,Month-to-month,40,25-48 Months,Electronic check,Fiber optic,No,No,1,81.2,Electronic-check payment,Month-to-month contract
4581-LNWUM,False Positive,0,1,0.6184701812335066,0.3185,High Risk,Priority 2,Month-to-month,13,13-24 Months,Electronic check,DSL,No,No,1,49.15,Electronic-check payment,Month-to-month contract
3524-WQDSG,False Positive,0,1,0.6202842909837685,0.3203,High Risk,Priority 2,Month-to-month,43,25-48 Months,Bank transfer (automatic),Fiber optic,No,No,1,99.3,Month-to-month contract,Fiber-optic internet service
4360-PNRQB,False Positive,0,1,0.6224070242967108,0.3224,High Risk,Priority 2,Month-to-month,18,13-24 Months,Bank transfer (automatic),Fiber optic,No,No,0,75.6,Month-to-month contract,Fiber-optic internet service
8785-CJSHH,False Positive,0,1,0.6226139482192697,0.3226,High Risk,Priority 2,Month-to-month,60,49-72 Months,Electronic check,Fiber optic,No,No,1,99.8,Electronic-check payment,Month-to-month contract
0265-PSUAE,False Positive,0,1,0.6232910183677953,0.3233,High Risk,Priority 2,Month-to-month,16,13-24 Months,Bank transfer (automatic),Fiber optic,No,Yes,2,100.7,Month-to-month contract,Fiber-optic internet service
0599-XNYDO,False Positive,0,1,0.6243842125187494,0.3244,High Risk,Priority 2,Month-to-month,20,13-24 Months,Bank transfer (automatic),Fiber optic,No,No,0,69.8,Month-to-month contract,Fiber-optic internet service
9572-WUKSB,False Positive,0,1,0.6252148408721984,0.3252,High Risk,Priority 2,Month-to-month,3,0-12 Months,Electronic check,DSL,Yes,No,1,29.9,Tenure of 12 months or less,Electronic-check payment
9962-BFPDU,False Positive,0,1,0.625693294261303,0.3257,High Risk,Priority 2,Month-to-month,1,0-12 Months,Mailed check,No,No internet service,No internet service,0,20.05,Tenure of 12 months or less,Month-to-month contract
9167-APMXZ,False Positive,0,1,0.6298681511646493,0.3299,High Risk,Priority 2,Month-to-month,22,13-24 Months,Bank transfer (automatic),Fiber optic,No,No,0,84.15,Month-to-month contract,Fiber-optic internet service
2604-IJPDU,False Positive,0,1,0.6308076575928296,0.3308,High Risk,Priority 2,Month-to-month,20,13-24 Months,Electronic check,Fiber optic,Yes,Yes,3,96.55,Electronic-check payment,Month-to-month contract
7855-DIWPO,False Positive,0,1,0.633149953559629,0.3331,High Risk,Priority 2,Month-to-month,21,13-24 Months,Electronic check,Fiber optic,No,No,0,68.65,Electronic-check payment,Month-to-month contract
5331-RGMTT,False Positive,0,1,0.63405490642656,0.3341,High Risk,Priority 2,Month-to-month,54,49-72 Months,Credit card (automatic),Fiber optic,No,No,1,99.05,Month-to-month contract,Fiber-optic internet service
8749-CLJXC,False Positive,0,1,0.6349045062604085,0.3349,High Risk,Priority 2,Month-to-month,1,0-12 Months,Mailed check,No,No internet service,No internet service,0,20.05,Tenure of 12 months or less,Month-to-month contract
4067-HLYQI,False Positive,0,1,0.6365484785009269,0.3365,High Risk,Priority 2,Month-to-month,33,25-48 Months,Bank transfer (automatic),Fiber optic,No,No,0,70.4,Month-to-month contract,Fiber-optic internet service
9450-TRJUU,False Positive,0,1,0.6370339700947076,0.337,High Risk,Priority 2,Month-to-month,35,25-48 Months,Electronic check,Fiber optic,No,No,0,83.15,Electronic-check payment,Month-to-month contract
5207-PLSTK,False Positive,0,1,0.637304247883069,0.3373,High Risk,Priority 2,Month-to-month,1,0-12 Months,Mailed check,DSL,No,Yes,1,48.75,Tenure of 12 months or less,Month-to-month contract
5144-TVGLP,False Positive,0,1,0.6374274497125524,0.3374,High Risk,Priority 2,Month-to-month,38,25-48 Months,Electronic check,Fiber optic,No,No,0,94.75,Electronic-check payment,Month-to-month contract
9779-DPNEJ,False Positive,0,1,0.6373708840697925,0.3374,High Risk,Priority 2,Month-to-month,22,13-24 Months,Electronic check,Fiber optic,No,No,0,80.15,Electronic-check payment,Month-to-month contract
2501-XWWTZ,False Positive,0,1,0.637563790351907,0.3376,High Risk,Priority 2,Month-to-month,11,0-12 Months,Electronic check,Fiber optic,No,No,0,70.2,Tenure of 12 months or less,Electronic-check payment
1452-KIOVK,False Positive,0,1,0.6385000093322687,0.3385,High Risk,Priority 2,Month-to-month,22,13-24 Months,Credit card (automatic),Fiber optic,No,No,1,89.1,Month-to-month contract,Fiber-optic internet service
8757-TFHHJ,False Positive,0,1,0.6411244565290708,0.3411,High Risk,Priority 2,Month-to-month,1,0-12 Months,Credit card (automatic),DSL,No,Yes,1,49.8,Tenure of 12 months or less,Month-to-month contract
7181-OQCUT,False Positive,0,1,0.6435305402147478,0.3435,High Risk,Priority 2,Month-to-month,21,13-24 Months,Mailed check,Fiber optic,No,Yes,2,103.85,Month-to-month contract,Fiber-optic internet service
0581-MDMPW,False Positive,0,1,0.6434880733911408,0.3435,High Risk,Priority 2,Month-to-month,24,13-24 Months,Credit card (automatic),Fiber optic,No,No,1,88.95,Month-to-month contract,Fiber-optic internet service
8212-DJRCH,False Positive,0,1,0.6449656345787644,0.345,High Risk,Priority 2,Month-to-month,5,0-12 Months,Mailed check,Fiber optic,No,Yes,2,90.35,Tenure of 12 months or less,Month-to-month contract
6286-SUUWT,False Positive,0,1,0.6454334372936595,0.3454,High Risk,Priority 2,Month-to-month,1,0-12 Months,Mailed check,No,No internet service,No internet service,0,19.95,Tenure of 12 months or less,Month-to-month contract
0015-UOCOJ,False Positive,0,1,0.6475899025013974,0.3476,High Risk,Priority 2,Month-to-month,7,0-12 Months,Electronic check,DSL,No,Yes,1,48.2,Tenure of 12 months or less,Electronic-check payment
3312-ZWLGF,False Positive,0,1,0.6492820349090684,0.3493,High Risk,Priority 2,Month-to-month,29,25-48 Months,Electronic check,Fiber optic,Yes,No,1,79.3,Electronic-check payment,Month-to-month contract
0749-IRGQE,False Positive,0,1,0.6531467280081081,0.3531,High Risk,Priority 2,Month-to-month,13,13-24 Months,Electronic check,DSL,No,No,0,45.3,Electronic-check payment,Month-to-month contract
7018-WBJNK,False Positive,0,1,0.6545603770886752,0.3546,High Risk,Priority 2,Month-to-month,13,13-24 Months,Credit card (automatic),Fiber optic,No,No,0,78.3,Month-to-month contract,Fiber-optic internet service
2452-KDRRH,False Positive,0,1,0.6556143854351355,0.3556,High Risk,Priority 2,Month-to-month,67,49-72 Months,Credit card (automatic),Fiber optic,No,No,1,101.4,Month-to-month contract,Fiber-optic internet service
4947-DSMXK,False Positive,0,1,0.6564011389766867,0.3564,High Risk,Priority 2,Month-to-month,34,25-48 Months,Bank transfer (automatic),Fiber optic,No,No,1,97.7,Month-to-month contract,Fiber-optic internet service
6705-LXORM,False Positive,0,1,0.6584549155685161,0.3585,High Risk,Priority 2,Month-to-month,5,0-12 Months,Electronic check,Fiber optic,No,No,0,70.05,Tenure of 12 months or less,Electronic-check payment
9752-ZNQUT,False Positive,0,1,0.663073961888673,0.3631,High Risk,Priority 2,Month-to-month,1,0-12 Months,Electronic check,DSL,No,No,1,48.6,Tenure of 12 months or less,Electronic-check payment
9992-UJOEL,False Positive,0,1,0.6660254520638567,0.366,High Risk,Priority 2,Month-to-month,2,0-12 Months,Mailed check,DSL,No,No,1,50.3,Tenure of 12 months or less,Month-to-month contract
9944-AEXBM,False Positive,0,1,0.6662362647788234,0.3662,High Risk,Priority 2,Month-to-month,32,25-48 Months,Bank transfer (automatic),Fiber optic,No,No,0,85.65,Month-to-month contract,Fiber-optic internet service
1035-IPQPU,False Positive,0,1,0.6663927950175313,0.3664,High Risk,Priority 1,Month-to-month,63,49-72 Months,Electronic check,Fiber optic,No,No,2,103.5,Electronic-check payment,Month-to-month contract
5606-AMZBO,False Positive,0,1,0.6675286954696782,0.3675,High Risk,Priority 2,Month-to-month,10,0-12 Months,Credit card (automatic),Fiber optic,No,Yes,1,78.15,Tenure of 12 months or less,Month-to-month contract
0899-LIIBW,False Positive,0,1,0.6683794254161265,0.3684,High Risk,Priority 1,Month-to-month,34,25-48 Months,Electronic check,Fiber optic,No,No,1,100.85,Electronic-check payment,Month-to-month contract
4570-QHXHL,False Positive,0,1,0.669970040560884,0.37,High Risk,Priority 2,Month-to-month,9,0-12 Months,Electronic check,DSL,No,No,0,43.75,Tenure of 12 months or less,Electronic-check payment
5226-NOZFC,False Positive,0,1,0.6714302004162954,0.3714,High Risk,Priority 2,Month-to-month,26,25-48 Months,Electronic check,Fiber optic,No,No,1,85.75,Electronic-check payment,Month-to-month contract
9508-ILZDG,False Positive,0,1,0.6761907023589481,0.3762,High Risk,Priority 2,Month-to-month,34,25-48 Months,Electronic check,Fiber optic,Yes,No,2,96.35,Electronic-check payment,Month-to-month contract
5339-PXDVH,False Positive,0,1,0.6765074795517596,0.3765,High Risk,Priority 2,Month-to-month,4,0-12 Months,Electronic check,Fiber optic,No,Yes,1,90.65,Tenure of 12 months or less,Electronic-check payment
6377-WHAOX,False Positive,0,1,0.6781214504303964,0.3781,High Risk,Priority 1,Month-to-month,60,49-72 Months,Electronic check,Fiber optic,No,No,2,106.15,Electronic-check payment,Month-to-month contract
5760-FXFVO,False Positive,0,1,0.6784858509299506,0.3785,High Risk,Priority 2,Month-to-month,6,0-12 Months,Electronic check,Fiber optic,No,Yes,2,78.95,Tenure of 12 months or less,Electronic-check payment
2480-SQIOB,False Positive,0,1,0.6785725243431205,0.3786,High Risk,Priority 2,Month-to-month,4,0-12 Months,Electronic check,DSL,No,No,0,44.8,Tenure of 12 months or less,Electronic-check payment
0682-USIXD,False Positive,0,1,0.6805228301611803,0.3805,High Risk,Priority 2,Month-to-month,21,13-24 Months,Electronic check,Fiber optic,Yes,No,1,86.05,Electronic-check payment,Month-to-month contract
1895-QTKDO,False Positive,0,1,0.6809350603216505,0.3809,High Risk,Priority 2,Month-to-month,1,0-12 Months,Credit card (automatic),DSL,No,No,0,43.95,Tenure of 12 months or less,Month-to-month contract
1335-NTIUC,False Positive,0,1,0.6830799157141647,0.3831,High Risk,Priority 2,Month-to-month,9,0-12 Months,Electronic check,DSL,No,No,0,24.95,Tenure of 12 months or less,Electronic-check payment
6542-LWGXJ,False Positive,0,1,0.6852252253545537,0.3852,High Risk,Priority 2,Month-to-month,3,0-12 Months,Mailed check,DSL,No,No,0,25.0,Tenure of 12 months or less,Month-to-month contract
7748-UMTRK,False Positive,0,1,0.6872508530955166,0.3873,High Risk,Priority 1,Month-to-month,30,25-48 Months,Electronic check,Fiber optic,Yes,No,1,101.3,Electronic-check payment,Month-to-month contract
3312-UUMZW,False Positive,0,1,0.6882967826178724,0.3883,High Risk,Priority 1,Month-to-month,32,25-48 Months,Credit card (automatic),Fiber optic,No,No,1,98.85,Month-to-month contract,Fiber-optic internet service
4647-MUZON,False Positive,0,1,0.6909530360457296,0.391,High Risk,Priority 1,Month-to-month,18,13-24 Months,Credit card (automatic),Fiber optic,No,No,1,95.95,Month-to-month contract,Fiber-optic internet service
1536-HBSWP,False Positive,0,1,0.694640172380365,0.3946,High Risk,Priority 2,Month-to-month,1,0-12 Months,Electronic check,DSL,Yes,No,1,49.9,Tenure of 12 months or less,Electronic-check payment
8059-UDZFY,False Positive,0,1,0.6952069629874419,0.3952,High Risk,Priority 1,Month-to-month,33,25-48 Months,Bank transfer (automatic),Fiber optic,No,No,2,105.35,Month-to-month contract,Fiber-optic internet service
4223-WOZCM,False Positive,0,1,0.695405161933283,0.3954,High Risk,Priority 2,Month-to-month,2,0-12 Months,Mailed check,DSL,No,No,1,49.95,Tenure of 12 months or less,Month-to-month contract
3966-HRMZA,False Positive,0,1,0.6958066358918935,0.3958,High Risk,Priority 2,Month-to-month,3,0-12 Months,Mailed check,Fiber optic,No,No,1,75.05,Tenure of 12 months or less,Month-to-month contract
3365-SAIGS,False Positive,0,1,0.6978458394937206,0.3978,High Risk,Priority 2,Month-to-month,17,13-24 Months,Electronic check,Fiber optic,No,No,1,83.55,Electronic-check payment,Month-to-month contract
2369-FEVNO,False Positive,0,1,0.6991018091799784,0.3991,High Risk,Priority 2,Month-to-month,1,0-12 Months,Mailed check,No,No internet service,No internet service,0,19.9,Tenure of 12 months or less,Month-to-month contract
8378-LKJAF,False Positive,0,1,0.6993455532501951,0.3993,High Risk,Priority 1,Month-to-month,38,25-48 Months,Credit card (automatic),Fiber optic,No,No,1,101.15,Month-to-month contract,Fiber-optic internet service
2694-CIUMO,False Positive,0,1,0.7002127770996113,0.4002,High Risk,Priority 2,Month-to-month,12,0-12 Months,Credit card (automatic),Fiber optic,Yes,No,1,79.55,Tenure of 12 months or less,Month-to-month contract
1833-TCXKK,False Positive,0,1,0.7010220404650473,0.401,High Risk,Priority 1,Month-to-month,45,25-48 Months,Bank transfer (automatic),Fiber optic,No,No,2,107.75,Month-to-month contract,Fiber-optic internet service
0258-NOKBL,False Positive,0,1,0.701968772031937,0.402,High Risk,Priority 2,Month-to-month,3,0-12 Months,Electronic check,Fiber optic,No,No,2,90.4,Tenure of 12 months or less,Electronic-check payment
2277-VWCNI,False Positive,0,1,0.702426468980817,0.4024,High Risk,Priority 2,Month-to-month,4,0-12 Months,Mailed check,DSL,No,No,0,48.75,Tenure of 12 months or less,Month-to-month contract
1942-OQFRW,False Positive,0,1,0.7050364750526908,0.405,High Risk,Priority 2,Month-to-month,1,0-12 Months,Electronic check,DSL,No,No,0,44.0,Tenure of 12 months or less,Electronic-check payment
5022-JNQEQ,False Positive,0,1,0.7066593126832518,0.4067,High Risk,Priority 2,Month-to-month,9,0-12 Months,Electronic check,Fiber optic,Yes,No,1,75.85,Tenure of 12 months or less,Electronic-check payment
2672-OJQZP,False Positive,0,1,0.711686170312007,0.4117,High Risk,Priority 2,Month-to-month,1,0-12 Months,Mailed check,DSL,No,No,0,44.75,Tenure of 12 months or less,Month-to-month contract
0581-BXBUB,False Positive,0,1,0.7155854046730346,0.4156,High Risk,Priority 2,Month-to-month,4,0-12 Months,Electronic check,Fiber optic,No,No,1,72.75,Tenure of 12 months or less,Electronic-check payment
6034-YMTOB,False Positive,0,1,0.7160216715245252,0.416,High Risk,Priority 2,Month-to-month,5,0-12 Months,Mailed check,Fiber optic,Yes,No,1,75.65,Tenure of 12 months or less,Month-to-month contract
8818-DOPVL,False Positive,0,1,0.7205905070669577,0.4206,High Risk,Priority 1,Month-to-month,46,25-48 Months,Electronic check,Fiber optic,No,No,2,104.45,Electronic-check payment,Month-to-month contract
6158-HDPXZ,False Positive,0,1,0.7211373776590648,0.4211,High Risk,Priority 2,Month-to-month,1,0-12 Months,Mailed check,DSL,No,No,0,25.35,Tenure of 12 months or less,Month-to-month contract
0988-JRWWP,False Positive,0,1,0.7226777077863314,0.4227,High Risk,Priority 2,Month-to-month,3,0-12 Months,Electronic check,DSL,No,No,0,54.2,Tenure of 12 months or less,Electronic-check payment
9638-JIQYA,False Positive,0,1,0.7252900331032502,0.4253,High Risk,Priority 2,Month-to-month,2,0-12 Months,Credit card (automatic),DSL,No,No,0,24.9,Tenure of 12 months or less,Month-to-month contract
7928-VJYAB,False Positive,0,1,0.7260534197331786,0.4261,High Risk,Priority 1,Month-to-month,11,0-12 Months,Electronic check,Fiber optic,No,No,0,90.6,Tenure of 12 months or less,Electronic-check payment
5650-YLIBA,False Positive,0,1,0.7270730517992454,0.4271,High Risk,Priority 2,Month-to-month,31,25-48 Months,Electronic check,Fiber optic,No,No,1,81.15,Electronic-check payment,Month-to-month contract
1077-HUUJM,False Positive,0,1,0.7299139247113865,0.4299,High Risk,Priority 2,Month-to-month,7,0-12 Months,Electronic check,Fiber optic,No,No,0,71.05,Tenure of 12 months or less,Electronic-check payment
8778-LMWTJ,False Positive,0,1,0.7304299546434131,0.4304,High Risk,Priority 2,Month-to-month,9,0-12 Months,Electronic check,Fiber optic,No,Yes,1,74.85,Tenure of 12 months or less,Electronic-check payment
6507-ZJSUR,False Positive,0,1,0.7317831573390166,0.4318,High Risk,Priority 1,Month-to-month,23,13-24 Months,Electronic check,Fiber optic,No,No,0,90.45,Electronic-check payment,Month-to-month contract
2800-QQUSO,False Positive,0,1,0.7363275702757944,0.4363,High Risk,Priority 1,Month-to-month,42,25-48 Months,Electronic check,Fiber optic,Yes,No,1,100.3,Electronic-check payment,Month-to-month contract
8445-DNBAE,False Positive,0,1,0.7397223124781785,0.4397,High Risk,Priority 2,Month-to-month,1,0-12 Months,Electronic check,DSL,No,No,0,50.05,Tenure of 12 months or less,Electronic-check payment
9279-CJEOJ,False Positive,0,1,0.74315451638021,0.4432,High Risk,Priority 1,Month-to-month,21,13-24 Months,Bank transfer (automatic),Fiber optic,No,No,0,95.4,Month-to-month contract,Fiber-optic internet service
2325-NBPZG,False Positive,0,1,0.7439984050968595,0.444,High Risk,Priority 1,Month-to-month,3,0-12 Months,Electronic check,Fiber optic,No,Yes,1,74.55,Tenure of 12 months or less,Electronic-check payment
1658-TJVOA,False Positive,0,1,0.7450813498177224,0.4451,High Risk,Priority 2,Month-to-month,6,0-12 Months,Electronic check,Fiber optic,No,Yes,1,74.1,Tenure of 12 months or less,Electronic-check payment
2665-NPTGL,False Positive,0,1,0.7455765969826097,0.4456,High Risk,Priority 1,Month-to-month,26,25-48 Months,Bank transfer (automatic),Fiber optic,No,No,1,98.1,Month-to-month contract,Fiber-optic internet service
9054-FOWNV,False Positive,0,1,0.7474531087307114,0.4475,High Risk,Priority 1,Month-to-month,22,13-24 Months,Electronic check,Fiber optic,No,No,1,88.75,Electronic-check payment,Month-to-month contract
3717-OEAUQ,False Positive,0,1,0.748765818188119,0.4488,High Risk,Priority 2,Month-to-month,2,0-12 Months,Mailed check,Fiber optic,No,No,0,70.7,Tenure of 12 months or less,Month-to-month contract
4686-UXDML,False Positive,0,1,0.7516301330147583,0.4516,High Risk,Priority 1,Month-to-month,21,13-24 Months,Credit card (automatic),Fiber optic,No,No,1,99.85,Month-to-month contract,Fiber-optic internet service
5628-FCGYG,False Positive,0,1,0.7574748284998861,0.4575,High Risk,Priority 1,Month-to-month,21,13-24 Months,Electronic check,Fiber optic,No,No,0,84.1,Electronic-check payment,Month-to-month contract
3292-PBZEJ,False Positive,0,1,0.7603864250376225,0.4604,High Risk,Priority 1,Month-to-month,11,0-12 Months,Electronic check,Fiber optic,Yes,No,3,111.4,Tenure of 12 months or less,Electronic-check payment
0958-YHXGP,False Positive,0,1,0.7604846143573807,0.4605,High Risk,Priority 1,Month-to-month,7,0-12 Months,Mailed check,Fiber optic,No,No,0,69.9,Tenure of 12 months or less,Month-to-month contract
4301-VVZKA,False Positive,0,1,0.7610673837952352,0.4611,High Risk,Priority 1,Month-to-month,16,13-24 Months,Electronic check,Fiber optic,No,No,0,75.4,Electronic-check payment,Month-to-month contract
8903-XEBGX,False Positive,0,1,0.7638985423797874,0.4639,High Risk,Priority 2,Month-to-month,2,0-12 Months,Electronic check,DSL,No,No,0,55.3,Tenure of 12 months or less,Electronic-check payment
1016-DJTSV,False Positive,0,1,0.7646605616306282,0.4647,High Risk,Priority 1,Month-to-month,8,0-12 Months,Electronic check,Fiber optic,No,No,0,69.7,Tenure of 12 months or less,Electronic-check payment
7278-CKDNC,False Positive,0,1,0.7741084703085096,0.4741,High Risk,Priority 1,Month-to-month,24,13-24 Months,Electronic check,Fiber optic,No,No,1,80.5,Electronic-check payment,Month-to-month contract
6077-BDPXA,False Positive,0,1,0.7746086512490046,0.4746,High Risk,Priority 1,Month-to-month,3,0-12 Months,Electronic check,Fiber optic,No,No,0,70.15,Tenure of 12 months or less,Electronic-check payment
8709-KRDVL,False Positive,0,1,0.7752621668211575,0.4753,High Risk,Priority 1,Month-to-month,33,25-48 Months,Electronic check,Fiber optic,No,No,1,100.0,Electronic-check payment,Month-to-month contract
1475-VWVDO,False Positive,0,1,0.7784459755973545,0.4784,High Risk,Priority 1,Month-to-month,7,0-12 Months,Electronic check,Fiber optic,No,No,1,74.9,Tenure of 12 months or less,Electronic-check payment
4029-HPFVY,False Positive,0,1,0.7783612399518965,0.4784,High Risk,Priority 1,Month-to-month,3,0-12 Months,Mailed check,Fiber optic,No,No,0,70.3,Tenure of 12 months or less,Month-to-month contract
4983-CCWMC,False Positive,0,1,0.7792900756534096,0.4793,High Risk,Priority 1,Month-to-month,3,0-12 Months,Mailed check,Fiber optic,No,No,0,69.6,Tenure of 12 months or less,Month-to-month contract
8873-GLDMH,False Positive,0,1,0.77937504665397,0.4794,High Risk,Priority 1,Month-to-month,6,0-12 Months,Mailed check,Fiber optic,No,No,0,73.85,Tenure of 12 months or less,Month-to-month contract
5501-TVMGM,False Positive,0,1,0.7821703914166768,0.4822,High Risk,Priority 2,Month-to-month,1,0-12 Months,Electronic check,DSL,No,No,0,55.25,Tenure of 12 months or less,Electronic-check payment
2187-PKZAY,False Positive,0,1,0.783996010356934,0.484,High Risk,Priority 1,Month-to-month,12,0-12 Months,Bank transfer (automatic),Fiber optic,No,No,0,79.95,Tenure of 12 months or less,Month-to-month contract
5133-POWUA,False Positive,0,1,0.7841151722782101,0.4841,High Risk,Priority 2,Month-to-month,1,0-12 Months,Mailed check,DSL,No,No,0,45.8,Tenure of 12 months or less,Month-to-month contract
4706-DGAHW,False Positive,0,1,0.7880291153224744,0.488,High Risk,Priority 2,Month-to-month,1,0-12 Months,Electronic check,DSL,No,No,0,45.2,Tenure of 12 months or less,Electronic-check payment
6175-IRFIT,False Positive,0,1,0.7898763563788477,0.4899,High Risk,Priority 1,Month-to-month,5,0-12 Months,Mailed check,Fiber optic,No,No,0,78.75,Tenure of 12 months or less,Month-to-month contract
1751-NCDLI,False Positive,0,1,0.7923480520230081,0.4923,High Risk,Priority 1,Month-to-month,46,25-48 Months,Electronic check,Fiber optic,No,No,1,98.85,Electronic-check payment,Month-to-month contract
3338-CVVEH,False Positive,0,1,0.7928959525841299,0.4929,High Risk,Priority 1,Month-to-month,12,0-12 Months,Electronic check,Fiber optic,No,No,0,94.55,Tenure of 12 months or less,Electronic-check payment
2985-FMWYF,False Positive,0,1,0.7991732407965708,0.4992,High Risk,Priority 1,Month-to-month,23,13-24 Months,Electronic check,Fiber optic,No,No,0,93.5,Electronic-check payment,Month-to-month contract
8266-VBFQL,False Positive,0,1,0.7997466801996347,0.4997,High Risk,Priority 1,Month-to-month,4,0-12 Months,Electronic check,Fiber optic,Yes,No,2,90.4,Tenure of 12 months or less,Electronic-check payment
1379-FRVEB,False Positive,0,1,0.8023043235003104,0.5023,High Risk,Priority 1,Month-to-month,15,13-24 Months,Electronic check,Fiber optic,No,No,1,91.0,Electronic-check payment,Month-to-month contract
9741-YLNTD,False Positive,0,1,0.8025158494704343,0.5025,High Risk,Priority 1,Month-to-month,6,0-12 Months,Bank transfer (automatic),Fiber optic,Yes,No,1,87.95,Tenure of 12 months or less,Month-to-month contract
2439-LYPMQ,False Positive,0,1,0.8037732555037826,0.5038,High Risk,Priority 1,Month-to-month,38,25-48 Months,Electronic check,Fiber optic,No,No,2,102.6,Electronic-check payment,Month-to-month contract
9643-AVVWI,False Positive,0,1,0.8040980874444671,0.5041,High Risk,Priority 1,Month-to-month,3,0-12 Months,Electronic check,Fiber optic,Yes,No,2,80.0,Tenure of 12 months or less,Electronic-check payment
0432-CAJZV,False Positive,0,1,0.8071429953129562,0.5071,High Risk,Priority 1,Month-to-month,3,0-12 Months,Mailed check,Fiber optic,No,No,0,90.7,Tenure of 12 months or less,Month-to-month contract
8132-YPVBX,False Positive,0,1,0.8207636571225355,0.5208,High Risk,Priority 1,Month-to-month,6,0-12 Months,Mailed check,Fiber optic,No,No,1,85.95,Tenure of 12 months or less,Month-to-month contract
5382-SOYZL,False Positive,0,1,0.8245705056531869,0.5246,High Risk,Priority 1,Month-to-month,22,13-24 Months,Electronic check,Fiber optic,No,No,0,95.1,Electronic-check payment,Month-to-month contract
6856-RAURS,False Positive,0,1,0.826203473467069,0.5262,High Risk,Priority 1,Month-to-month,2,0-12 Months,Mailed check,Fiber optic,No,No,0,74.9,Tenure of 12 months or less,Month-to-month contract
2754-SDJRD,False Positive,0,1,0.8278385146678126,0.5278,High Risk,Priority 1,Month-to-month,8,0-12 Months,Credit card (automatic),Fiber optic,Yes,No,1,100.15,Tenure of 12 months or less,Month-to-month contract
9717-QEBGU,False Positive,0,1,0.8287728726190616,0.5288,High Risk,Priority 1,Month-to-month,2,0-12 Months,Electronic check,Fiber optic,No,No,0,70.3,Tenure of 12 months or less,Electronic-check payment
5442-BHQNG,False Positive,0,1,0.8289178919526489,0.5289,High Risk,Priority 1,Month-to-month,2,0-12 Months,Electronic check,Fiber optic,No,No,0,70.35,Tenure of 12 months or less,Electronic-check payment
3199-XGZCY,False Positive,0,1,0.8341025225006683,0.5341,High Risk,Priority 1,Month-to-month,8,0-12 Months,Electronic check,Fiber optic,No,No,0,75.25,Tenure of 12 months or less,Electronic-check payment
3030-YDNRM,False Positive,0,1,0.8365277961754465,0.5365,High Risk,Priority 1,Month-to-month,8,0-12 Months,Electronic check,Fiber optic,No,No,0,74.85,Tenure of 12 months or less,Electronic-check payment
8541-QVFKM,False Positive,0,1,0.8380937141478447,0.5381,High Risk,Priority 1,Month-to-month,8,0-12 Months,Electronic check,Fiber optic,No,No,0,73.5,Tenure of 12 months or less,Electronic-check payment
3320-VEOYC,False Positive,0,1,0.8407442873289909,0.5407,High Risk,Priority 1,Month-to-month,14,13-24 Months,Electronic check,Fiber optic,No,No,0,95.6,Electronic-check payment,Month-to-month contract
7354-OIJLX,False Positive,0,1,0.842120448826146,0.5421,High Risk,Priority 1,Month-to-month,9,0-12 Months,Electronic check,Fiber optic,No,No,0,75.85,Tenure of 12 months or less,Electronic-check payment
7952-OBOYL,False Positive,0,1,0.8510173695262885,0.551,High Risk,Priority 1,Month-to-month,3,0-12 Months,Mailed check,Fiber optic,Yes,No,2,89.85,Tenure of 12 months or less,Month-to-month contract
6137-NICCO,False Positive,0,1,0.8597361135541002,0.5597,High Risk,Priority 1,Month-to-month,6,0-12 Months,Mailed check,Fiber optic,No,No,2,94.05,Tenure of 12 months or less,Month-to-month contract
9334-GWGOW,False Positive,0,1,0.8637555986847345,0.5638,High Risk,Priority 1,Month-to-month,7,0-12 Months,Electronic check,Fiber optic,No,No,0,74.85,Tenure of 12 months or less,Electronic-check payment
7363-QTBIW,False Positive,0,1,0.8657750384194158,0.5658,High Risk,Priority 1,Month-to-month,9,0-12 Months,Electronic check,Fiber optic,No,No,0,79.75,Tenure of 12 months or less,Electronic-check payment
8775-ERLNB,False Positive,0,1,0.8658348017323841,0.5658,High Risk,Priority 1,Month-to-month,1,0-12 Months,Electronic check,Fiber optic,No,No,0,74.3,Tenure of 12 months or less,Electronic-check payment
4115-NZRKS,False Positive,0,1,0.8698666970800034,0.5699,High Risk,Priority 1,Month-to-month,7,0-12 Months,Electronic check,Fiber optic,No,No,0,89.15,Tenure of 12 months or less,Electronic-check payment
4090-KPJIP,False Positive,0,1,0.8702082342991109,0.5702,High Risk,Priority 1,Month-to-month,3,0-12 Months,Electronic check,Fiber optic,No,No,0,74.95,Tenure of 12 months or less,Electronic-check payment
2077-MPJQO,False Positive,0,1,0.8772410256362484,0.5772,High Risk,Priority 1,Month-to-month,7,0-12 Months,Electronic check,Fiber optic,No,No,0,75.4,Tenure of 12 months or less,Electronic-check payment
6969-MVBAI,False Positive,0,1,0.8906514724134243,0.5907,High Risk,Priority 1,Month-to-month,9,0-12 Months,Electronic check,Fiber optic,No,No,1,90.1,Tenure of 12 months or less,Electronic-check payment
4445-ZJNMU,False Positive,0,1,0.891504563881521,0.5915,High Risk,Priority 1,Month-to-month,9,0-12 Months,Credit card (automatic),Fiber optic,No,No,1,99.3,Tenure of 12 months or less,Month-to-month contract
6630-UJZMY,False Positive,0,1,0.8945590669343795,0.5946,High Risk,Priority 1,Month-to-month,4,0-12 Months,Electronic check,Fiber optic,No,No,0,83.25,Tenure of 12 months or less,Electronic-check payment
1628-BIZYP,False Positive,0,1,0.8980945719707819,0.5981,High Risk,Priority 1,Month-to-month,1,0-12 Months,Electronic check,Fiber optic,No,No,1,85.0,Tenure of 12 months or less,Electronic-check payment
8739-XNIKG,False Positive,0,1,0.8997885237547408,0.5998,High Risk,Priority 1,Month-to-month,5,0-12 Months,Electronic check,Fiber optic,No,No,0,84.0,Tenure of 12 months or less,Electronic-check payment
2254-DLXRI,False Positive,0,1,0.9035347089050657,0.6035,High Risk,Priority 1,Month-to-month,1,0-12 Months,Mailed check,Fiber optic,No,No,1,79.15,Tenure of 12 months or less,Month-to-month contract
8622-ZLFKO,False Positive,0,1,0.9164215137404602,0.6164,High Risk,Priority 1,Month-to-month,6,0-12 Months,Electronic check,Fiber optic,No,No,1,90.75,Tenure of 12 months or less,Electronic-check payment
4927-WWOOZ,False Positive,0,1,0.9262925749929728,0.6263,High Risk,Priority 1,Month-to-month,2,0-12 Months,Electronic check,Fiber optic,No,No,1,91.45,Tenure of 12 months or less,Electronic-check payment
5542-TBBWB,False Positive,0,1,0.9324898027654427,0.6325,High Risk,Priority 1,Month-to-month,1,0-12 Months,Electronic check,Fiber optic,No,No,0,69.9,Tenure of 12 months or less,Electronic-check payment
8161-QYMTT,False Positive,0,1,0.9344889194578013,0.6345,High Risk,Priority 1,Month-to-month,7,0-12 Months,Electronic check,Fiber optic,No,No,0,94.1,Tenure of 12 months or less,Electronic-check payment
2545-EBUPK,False Positive,0,1,0.9442128161536332,0.6442,High Risk,Priority 1,Month-to-month,2,0-12 Months,Electronic check,Fiber optic,No,No,0,84.05,Tenure of 12 months or less,Electronic-check payment
